id,target
09d9862f8f,1
3d38acac4b,0
40b2d4f50e,0
deb644db78,1
a8c08184ef,1
90029365c9,1
54ad8ca405,1
010d04eaa8,1
626e8f7cc5,1
81badca2c0,1
cd3d0d3796,1
3943dff5f6,1
7059eda37d,1
b43aad9b58,1
1f9c44c95c,0
8df6632278,0
e67aee6fc8,1
0fdfd04474,0
0e6a99e921,1
1dee42f197,1
54c8cd866a,1
d21e573214,0
7a6a0b4b9a,1
4363562555,1
ff67cc06db,0
258b766e33,1
ec03a0253f,0
d844b6b70c,1
145011202e,0
cf29b731ed,1
93ecae3105,1
4788f8141d,1
2f262330ed,0
08ffe3a4de,0
9268080ded,1
4f02b90c56,0
101f3e65ea,0
4b7ce9c81e,0
697376fd53,0
96c517899c,1
82b9170d65,0
f9e6a63acf,0
1c805c292e,1
4812b22e7d,1
8bc3bb7151,1
7dc7f09ce5,0
73840dda90,0
d3dba68b17,0
901f56e000,0
89aa700c25,0
00044e738f,0
3e2cc405f9,0
3907537fc0,1
ab87df2163,0
a157a8e879,1
e5adcb4318,0
bcdfd74694,1
eaf4da1cf2,1
9665f476af,1
317a9971e0,0
2a7ff80ebe,1
93f9f80900,0
4f03f84ee8,0
daff659001,0
dace68bc9c,1
60a84605d6,0
570aa64785,0
30794b629e,1
cb5dbda8fc,0
97eb56bab6,0
422ae5b704,1
c12e8c3cc0,1
0e9512b123,1
17ff14f0e7,1
fb5596c53c,1
8fa88f340b,1
8117c541b2,1
15d47a8bed,0
fb4ca6268c,0
1959455188,0
be890edd44,0
60c177c6d2,0
6228ee43c4,0
8b9490e946,1
20df2b054a,0
66242da6b4,1
04518ec730,1
79f9f878ed,1
181c287e00,0
ed3252ad3a,0
49c812c9f3,0
a438292626,1
5345a029a9,1
e672714b7c,1
99afa5f9f1,1
2c54f668d4,0
aedff14cdf,0
5845a89ab5,0
1af6ff5143,1
c4b140408d,1
59be6b2184,1
b83a135d09,1
485e66fee4,1
c5737f1e25,0
b0e41feb1b,1
c864eaf1b5,1
18c5c8ceca,1
88c266ef7d,1
5168f92146,0
92b6f9fadf,1
93efb52da0,1
f93f21fa8c,1
f0243f7638,0
64c1ad8773,1
5235aacc91,1
5d274ca9a3,0
6d7501b2f8,1
ec1212d1e1,1
b8fd7423ea,1
8a96d41ee6,1
e103aa1724,1
32fc393744,1
a787736647,0
5d42f2fb60,1
2c88635509,1
2d4e538ba9,0
15fe18a8b1,1
ed54ea7baa,0
9878db734b,0
ec0fd14739,0
02e57f7fcf,0
3e22a81305,0
4a836e0aee,1
175ee1c844,1
1cbcc41b09,0
96b86537cb,0
9d55b3426f,0
02bc551e5f,0
9a2b5cd5a5,1
0b791efa32,1
9ebb72d8ee,0
12a53774c2,0
6b6ab11b90,0
0b0d1c3c84,0
e8a036f16a,0
19c01a9715,0
ba13707543,0
7e239f316f,0
c279d29178,0
82e559751a,0
78623b6408,1
8cae5361ff,0
2c919f659f,0
f9706369d9,0
bed35e1f15,1
ea48341c41,1
4829f13a7e,0
1fbd07ceb2,0
1835a133da,0
5e42473d3c,1
6350675a78,1
7507ca7608,0
5f860f9453,1
bfc4d23967,1
90990d4bf5,1
d697c2d002,0
1f63294829,1
a2ccf8c813,1
47e11f2af2,0
f035284b7e,1
9eeb84e8db,0
ede45d6c16,1
e703ab8130,0
2825855d04,0
96548b5df8,1
32b2d56bdd,0
2f7c8b00a5,0
b5ecb79d74,0
898018242e,1
a82f14d8f0,1
d6f3f5990a,0
60e3c8a356,0
6a39347107,1
f8b73ee46f,1
fcaa53828b,0
533e366370,0
10c68a1874,0
682f2ddf92,0
ad333a84e4,1
5c47e68589,1
3f17ac0c90,1
24e32d151f,0
9b0765dac9,0
1f89f957da,0
b908bd57ad,1
e7c3395ca3,1
86437ec3f0,1
386c1461f2,0
e6b12657f9,0
18a8e72ef7,0
4a1b699c9f,0
f2f5cb7ef0,1
30ada13582,0
bea1e16b87,0
2407dca60f,0
489cb852b1,1
88d3fa2ada,1
0b7af69c99,0
b0be38259a,0
07dfc0dfd7,1
5a76192cd3,0
3ae89c40b1,1
32bc80c507,0
afdb441c17,1
54826131f8,0
4afe1cd8e3,1
c59f9a815a,0
cb7c944cb9,1
ab4acecbd7,0
70e969a84a,1
25c42a39c0,1
ef4f69fb45,1
cad9c83867,0
f7078b8430,0
a5849695c7,1
1e9b4d11ca,0
df88c0e7c5,0
8d9707ce3d,0
6c23048eac,1
139730a324,1
94f8aa45fd,1
02667f106f,0
6c0ec28ce0,1
163d9f074c,0
2dde949100,1
fdf101df6e,0
abb318b80b,0
e095f5b783,1
a4822adfac,0
b6e424840c,0
8fc0501cb4,1
39a0b4b5ca,1
ccc77d81b5,0
ce6d9ac126,0
de8aece5c6,1
576ef152b4,1
af04df9f35,1
7b23e3abb8,1
430ee89c80,1
cdd097cf76,0
8f3381b4bc,0
82ff6f741b,0
95b4d95c89,1
b8e83c3181,1
2cc00d112d,1
73b1380693,1
011c1524d8,0
269347f727,1
43224dac2e,1
effa8fff05,1
ac413789c3,1
4b2e72e3b3,1
a59e1e3ddc,1
82fce9779f,0
f9bd2694a3,1
995deee18f,1
6249405de4,1
a8381562c3,0
031025c568,0
b6ec31d310,1
7d721bf422,1
1172344bd9,1
6456dc749b,0
62417c241a,1
1f2334f2c9,1
51ae53c62f,0
3dcc0f3730,1
2cfbb786e5,0
ba55ee9ad3,0
695944b4c4,1
dd0596129e,0
f98de5cd6b,0
db3a57fd85,1
514953b010,1
dd196cb265,1
98a97c7d94,0
9e105e8896,1
d867a9068c,0
1a3e64356e,1
8c37ac49f5,1
8ee7767dfd,1
8b8db20c98,0
84dd5423d8,1
74bf97a4b8,1
2237bc0ef3,0
ddb20e0eb8,1
aeb7c7e5a4,1
c1d31f6bbd,1
b64c765d0d,0
106a7551d4,1
85bcaaae15,1
4a53ea3589,1
26eb0aba80,0
4512712000,1
344d543789,0
b57579991b,0
f1ab30d268,0
93290da9a8,0
17cf78d030,1
4160fe85f8,1
98ab9470cf,0
eee370d21e,0
4e3b3c089b,1
4e812b7b60,0
7711b01d7e,1
67ee505d0c,1
c96f5bc058,1
0e3ff15880,0
b9e93fe0c2,0
3ada258747,0
38074a9c6b,0
09d3e97fe3,0
4af9ac4624,1
d69d485df2,0
e65c98d4a6,1
c7de203243,1
f9cfa508e7,1
40400a108a,1
f8b4fe6139,0
697f73e280,0
085779e161,0
ce898f0d2a,1
dc1f28b3f5,0
ecf3cc6257,1
38d5380bf4,1
3ebbe73732,1
f70c4b5923,1
a1621ecadc,1
fc12a1a727,0
782db59db7,1
894ff0db3e,0
1d85ed8cd2,0
0facd5ac2b,1
b9bcb6481f,1
a7c6cc3abe,0
55ce120ec5,0
e92b4e37b4,0
b51d25b65d,0
c10eae1cca,1
56c900c2f0,1
4fcd0cee45,0
a67232bddd,0
d129131dd5,1
0cc98cf95b,1
35cde5f99c,0
53d1232b16,1
b9e9abf66d,0
b6953def5d,1
f5a4d2429b,1
b7cc4240b8,1
9331cac732,1
d47819afe7,1
ef58dda3df,0
479b006f18,1
385432bd66,1
7a5bc9b338,0
610a1d323d,1
7516683f80,1
4ac935d243,1
142d0a5a12,0
9195608873,0
2337d4aa6c,0
02338550b5,1
772ac9c8bf,1
6624a52e8f,1
666db31b34,0
67b2027d89,0
1a7e03283e,1
de5af98ca4,1
f178e58ae0,0
b04ff0c88f,0
4dac8138ca,0
433ccee48e,0
fa0325dfa5,1
588ed2f332,1
96d1068c69,1
d69d269500,0
753d189f06,1
6a69b843c8,1
d294155179,1
e4acff4dc9,1
65dc606649,0
6b889ce60e,0
6d25cc0705,1
f2b8a977d3,1
250c1d6155,0
cfae9529c7,1
27996136aa,1
91e346c4b1,0
1e81f66b8e,0
722490ad62,1
1b24f16c27,0
2b257a52a5,1
3768b11469,0
9df928fe18,0
bbc801aa01,1
2a40ed270a,1
dfe5e70c66,1
1529f5e262,1
7e500d7298,0
5b05e6bc7e,1
57d0146695,0
a5a2f494be,0
f3384ec509,1
0d9f6c3fa3,1
a5c76d1418,0
ee44317186,1
0a28f493e4,0
bbe1ea9540,0
72e310d57e,0
7ccaa4794e,0
888a5d0ffc,0
019e22168e,1
961e2dd612,1
b573615b91,1
a82ac4a971,0
3eb45a5dcc,1
0161651c80,1
1dedec1934,0
f3ec158a18,1
10ffe57fc1,1
c9e93e78ba,0
f977fdf03c,1
3fef6141a7,0
4651bb2736,1
e0900a3150,0
571a0c9121,1
5cb90b65fd,0
3f79fb65a5,1
886c72fedf,0
28ba02935d,0
3a48f63562,1
c948853f45,0
006f1fc87d,1
e6c5ecb2ca,1
97b4f4569d,1
d104d8321f,1
6a42c0981e,0
eed637575c,1
f38e006229,1
7ae10d3c1d,0
df5f073a10,0
f8a46118c5,0
a7a7429610,1
f114219732,0
c9b9d3b411,1
f3b444a20f,1
c32cbb106b,0
9c684b0b59,0
2c140894b7,1
508eeabc19,1
607992c0a0,1
31bed1113a,1
90e1161c46,0
f8efba983a,0
137ed1fdf6,0
e8eb7debce,0
597808b12a,0
d298e61b68,0
4d2b50395b,0
8dd59a1d63,0
90c3f58c6e,0
d7f8e0e60b,1
dace3e1079,0
9bca67d891,0
b5475f9cd6,0
fe00fbcc46,0
6785379b63,1
34c97b9442,1
41618e9489,1
ac672c1c96,0
908df4fca2,0
c67338a120,1
4ac9cdb612,0
7d43e940f4,0
40c1995adc,0
8c28646f2a,1
ca8dd11686,0
c43a1d3099,1
e4fbff06fc,1
20f0907580,1
20a31ea9f2,1
3a50949639,1
fbc6c30473,0
f8601ed9f9,1
b585c316cc,0
1dd00b01bd,1
a642621f68,1
8ceaabd587,1
6464736017,0
e470c1ff32,0
f1b9ca8123,0
263c4480b1,1
acae0d34bf,0
f4734d54ff,1
1a244d720e,1
bd7756c73b,1
28fa73b919,1
3f0900644b,1
bfc386d969,1
78cd8377ab,0
9ca61e482e,0
cdb73d822e,1
15be31c18f,1
07bf4ce8dd,1
96b8913aac,1
00f81d9bcc,1
faaa626a31,1
0986b85c31,1
8fe9e4f989,0
e557f60f4a,0
d5ac846df0,0
158b0ec0dd,1
ebe3644697,0
3c4a79b7de,1
babfb2024e,1
1451ea4800,0
95d765ad62,0
f2503954dc,0
69c22cdda6,0
79eb2a20bb,0
e296f91151,1
c82c66384a,0
4c2e70f407,1
f008888abc,0
9fed91fefe,0
742c3a137b,1
634c755822,0
de7c489259,0
062dae8e60,0
85defd6510,1
4025ecfd6f,0
bc5b6f4205,1
fe7adcf7f2,0
9bc14d1ba0,0
097c434c47,0
b950ca6cd6,0
2060ff8d7b,0
34e6453904,0
1c44d3ba26,1
df34162059,0
90fac0d871,1
6df2bc2c8d,0
720596756a,1
8e80a1134e,1
5ef370a077,1
2c79bfb0ba,0
0d01f65881,0
8d2a315447,0
114a4e12be,0
782e7455da,0
978e7b7541,0
e045606fb8,0
847ab09444,1
3f36b30182,1
e7602165ff,0
8cd898440c,0
dde95077c5,1
a87b318295,0
783f224de3,0
78338040bb,0
7cff23d012,0
28b0ff8828,0
2bb7c8c494,1
6b0de4a0d6,1
381284c96c,0
816eb6e795,1
62373a50ea,0
5304f0097e,0
3ce249a59a,0
1681226742,1
11eddec758,0
90e3591d96,1
b77cae457b,0
cbe77b9df9,1
b3205f276c,0
6f56675b0c,0
8d856dd028,1
9624ff11a2,1
815a644b59,0
167c17c6d7,0
49ec97b938,1
e1a02f1734,1
6ae73a719c,0
6ec087794c,0
865b757930,1
69eef7a16a,0
80128186dc,1
b7d54e0a2a,1
fc5b19e157,1
70d6c7498a,1
890943199f,0
99e4f54bac,1
236efe7a37,0
c6b2b47499,0
af11f5e16d,0
3a3b620e58,1
0045f7155b,0
0725753a1b,0
aea4175ae0,0
d3e2d971e8,1
efa244cc77,0
c4dd98af84,1
5ed24b7003,1
d6afe0b384,0
4fee0fe1f0,1
f8db0950a0,1
a4624fcb10,1
b05d76cad1,1
b2a140474d,1
f20cbb6010,1
b73c03bebf,0
9225b3edf9,1
bb984f6b45,0
006fbb558c,0
918ed652d7,0
e8f4a2209c,1
ef80559606,1
c2394a12f4,1
3de5ddf798,1
a1e19ed7f7,1
08e3faaa0f,1
ebd83c243e,1
d6096346fa,0
12acab7a1b,1
88a393d0b5,1
e0d1ae8d6b,1
c8d8625cfb,0
8c3cd4c197,0
eedbd1a884,0
83771be959,0
3185e4aabc,0
e1f4de55d2,0
3d91b0f573,1
491c050ca5,0
d4f54a8c28,0
9c580d20ac,0
fbdd9d2c56,0
a12c6968f9,1
aece7097ce,0
420a0bc23d,0
9a4e036925,1
5707f1cabb,0
4434ca2975,0
af295cba63,1
37f178a183,1
2ebd110d23,0
544e33552e,1
88f5c9b81c,1
f8fe34b3dc,1
6c781005a6,1
e3156324ab,1
9fc542d6a6,0
8bd17e5216,1
5292d6a382,1
902dcaa5d3,0
47ab694ad7,1
37d6a1cf16,0
d57d5d50de,0
73135a24e0,1
040c15a619,0
a0cdbb777b,1
40b6ab6ae3,1
d5bcb94679,1
2313589db4,1
cec7ae8667,0
2f25300ceb,0
8b9f0ef74e,1
d01f4f2891,0
b9d1d09458,0
b162338c5e,0
d89e2c0d4c,1
fb731cd425,1
0a66305e56,0
103034fda4,0
50c50fa8f9,0
82729f2a7e,1
151d6bbe79,1
f5f5a0ea85,0
b1435db670,0
35cfe289ef,0
388290bdad,0
3f7c62b87c,1
b551bceb90,1
6a51fee5f5,1
270d42cd42,1
ee1723c42e,1
370be15755,1
397e50a384,1
df3b16a326,1
5ba3b546e2,0
c889069b87,0
56d4e23549,0
eb9323e365,0
c7e9a42ff9,0
c96ddf8341,0
643c13e125,1
40c0ce7aa5,1
88432b2964,0
50c9212b3a,0
8260298002,0
fa2f431ed7,1
4ade18c24a,1
0768b7851e,0
734d315a96,0
bda64251dd,1
477244ac2b,0
1642a6ff30,1
39926e3702,1
7668e3fc4b,0
bf315bb526,0
aa2c46fa29,1
5a99d57be8,1
3c4e487f05,0
cda5514a77,0
2945396cb6,0
0ef588b814,1
4e3eb54653,1
d8b212ef45,0
75d836d2bb,0
22557b7b72,0
61fccb4da2,1
93466b5d43,0
657c8d5f07,1
d70b810ae4,0
022c753c76,0
7ffe7c5c42,1
7d882e7317,1
c205694e33,0
f189fc4317,1
891e11751f,0
84dd85815e,1
5d324336e1,0
19912059f3,0
9dd0586a5f,0
5895a36e8e,0
6faf7dc50b,1
3c7d3ae41d,1
53c75fdbc9,1
ed45960228,0
f813a85ac0,1
6ee272c7e4,0
b811eef7df,0
fcb4bcaf58,0
fbc7b329e5,0
33652a0236,1
87a392fcfa,1
5f0525cb4c,0
57c4a450a8,0
1b5abdc4ad,0
a9f142ae8f,0
513b9c57ce,1
5e997ba59b,1
5719a5965b,0
7aae4e6d5c,0
08ca78d051,1
f45cb35924,1
4e21df9992,0
7f6fd36c58,0
26f6b1f7c0,1
ad6a791a2d,1
333c5fab70,1
b2e75b11c1,1
343321addd,1
a761749482,0
598afce8a4,0
cc95886c20,1
be46087a79,1
9b06065b4f,1
486e3b2216,0
0a2cf1a77e,0
72ef456e17,1
8c5c41a8a5,0
5a1d9512f2,0
97ec56f5a9,0
f9e12d9f3c,0
44dbe9df7b,0
13481053af,1
884b380be2,0
19b8fa7d88,1
eeed184dc2,0
dcc9a3785c,1
7270c196bc,0
7bd8d3c3b7,1
f6e82af5a0,0
2e95ffaf97,1
0dc4375e4f,1
ea3b1c9afe,0
c26f91fd54,0
b57e98c454,1
3d1ce0af44,0
5c8c344eba,1
8ba7c990c1,1
b3fa1d9197,1
8d7b251790,1
41cf76e58a,0
9bfd97d84c,0
0f96e88a30,0
2596a0cb2e,1
abae70dfdf,0
ee87446b86,1
9ce90a8dca,1
c0dafee056,1
d690be23b3,1
5f89e14802,0
0f1d30d382,0
c86a63bd33,1
f5e2e6c2cc,0
8bb6756e36,0
4565c2077a,1
c15889a9fe,1
cb1ff5d825,0
1148a486a8,0
1db8ff12bc,0
f512e6e629,0
bf287174a7,1
fc958cdb09,1
86ff145c42,1
094693e3e2,0
3b5fff4718,0
ce8e5064ab,0
e0ed6e6fac,1
0d4f6f555e,1
32df355671,0
2a5e642436,0
169b8975df,0
2d9a1158aa,0
2681319017,1
b232ef3244,0
7cd999302e,0
8f0f565963,0
30bc4a0f35,1
fda776dc02,1
7beb4b05d4,1
bbaa30311a,1
f74176709a,0
4c2c8acbd1,1
4820dd91a4,0
03bf5a6490,0
8cdfefb395,0
fb9b49a8a0,1
ad8bb3f1ab,1
149e748fbb,1
789504fbf7,0
597dbb790e,0
f31de42ebd,1
483cc53be5,1
c181445596,1
b4143c6638,0
07b655e737,0
c7e53e4b20,0
825fa43f80,0
f52c7fa18e,0
26d31f545e,0
d3d4660f74,0
ab139de9f6,0
5f666ea670,1
9c37a801ba,0
994291a251,1
a19e6cc277,0
2b5683c7d3,1
a713003d10,1
e44d88e7f9,1
216e2699cf,0
234ee7b3d7,0
6d3e4dfb4b,0
dca4354c5c,0
a24c3c6082,1
b115c422b2,1
2ed83a0a61,1
5dd5ff5f70,1
2365a33c7f,1
727d8d3e05,1
ff8e450694,0
529fb950bc,1
b605ce0d86,1
2b0a5c6fcb,0
6e89794c58,0
6678d85bb6,1
4fa12acb00,0
ec68d4db69,0
7c156dd86e,0
3a16973071,0
c38ba5deb9,0
3c00f50244,0
bb9d918c38,0
fb9fbb13bb,1
7db124a64d,0
6889188bfa,0
d39771718c,0
067e51ad97,1
ce2fb6a388,0
3723aa8a2b,0
6c91a80c01,0
fa679db30e,0
226f0bda38,1
b26c161478,0
f03ee9ef7d,1
fa4aa3fc37,0
a825ab3479,0
5eb9ebcc86,1
18f79c6bf8,1
6abbeaf3d6,1
0042ec94f8,1
89ca1442c0,0
ff0d13ba01,1
3373bca3b0,0
f951e8ca85,0
10c669ce61,0
9dea1cdfad,1
edd586df02,0
abcf21810c,1
1256dd341c,1
a25a3064b5,1
ebde96813e,0
5b0f4e07a1,0
06a039bf4a,0
4524d1d640,0
4b4f013fca,1
f1fef5e532,1
a7fe5c4d26,1
76c9105533,0
a7e29699d5,1
d51d8d4698,1
ad88125bea,1
58448a5d3d,1
7f3231f685,0
9cfd4c2ce9,0
928bb85581,1
d1f175cfa3,0
6d54f1b8eb,0
06ac3c0393,0
f09c1ed68a,0
4df0f9c27d,1
05b3e4413c,1
846887a001,1
98ff6d30c2,1
0fa1d78123,1
2ecfb5a0f4,1
8a490a2c5f,1
cbec78f14e,0
bbc56fbac1,0
5a0dd4590b,1
52e7144422,0
317b66f83d,1
6ed6a7e9e7,1
0acd539dda,1
4bd40992cf,1
708daeaa33,0
f8ea45e8ef,0
277a93f3f8,1
ad971d212c,1
fb546782b3,0
2b9cede7d7,1
ca4d26f019,0
9e1c9a3861,0
6c062cdd88,1
6d3e1cb0ae,1
53c8419ae4,1
b0cd4eb30f,0
2a41e51433,1
3204e3c9d7,1
7ccfbac919,1
14aaad1a9f,1
d46ba74d06,0
7747c49c94,0
a0a09742b3,0
257627a7a3,1
8bbc4bcfe1,0
3b62fcfcae,0
f569e39771,1
b6198b1d90,1
17402b3e15,0
8f054d4bfb,0
cc1f6fe9b6,0
57c5119aeb,1
d51840465f,0
2c0ea73635,1
25ca2b4005,0
367ed07e37,0
26f4d6d27e,1
5fe743118f,1
658c15a2fb,0
caa381299e,1
24a1a0220e,0
fca7eb46c1,0
ad29657ca2,1
06c9643e3f,0
f9b4ee61d1,0
e284e728fd,1
c6f135b803,0
afadb262af,0
a300e8c3cb,1
535f2c46f8,0
2dc5bb37f5,0
958b2e760b,0
82312f4e1c,0
c199260476,0
9b2cad85f5,0
eb0c9637c0,0
fc5e9e993c,0
7f1a6fb3bd,1
750202f42c,0
6cf1d87ff7,0
8b7d658ab6,1
fd38cb1a5a,1
734cc0b17c,1
04752d9922,0
5f09d2e793,0
e49b49dbb1,0
7a323cba6f,0
2cadb30249,0
316d321c7e,1
998faaadd9,0
c9a44b885f,1
9fde52e32c,1
87890b39de,0
ba17373322,0
547dd3e39f,0
83025b45c0,1
1c876c7279,1
9b64f8612c,0
ce18b5456a,0
9e40502619,0
232161fde6,0
a76c130987,0
9845ef8b1a,1
bac3a5381a,1
5a6adec1d4,1
ea344664b6,1
1d0c5d0418,1
3fb1c7e1a9,1
ee3a439f3f,1
f19f27f01c,1
f2aa8ce360,1
3b37ee9253,1
3abc36d72b,0
aff1fe36b6,1
4c2a3043be,0
4976907221,0
f764c970d8,1
fb936073f5,1
849f865ea4,0
3c8f772042,0
be09d69896,0
729d724d2e,0
9435f3560b,0
d3a5ad57e6,0
f55c09c229,1
29cf0284cf,1
c7d77c003a,1
173df9f0f8,1
8c07d30b4c,1
aa5718f16f,1
24dbac620a,1
b5cb2118b1,0
ebe2f48d52,1
97dc11efb3,0
a709d95140,1
79b7888b22,1
044d9cac01,0
c855f211a2,0
9cd93eeb3d,0
f92dedcbf7,1
8394dc3acc,0
78672abb53,1
fff70bc195,1
545cbe7f56,1
dad656c8ce,0
ac913fd18d,1
b65ba2f000,1
2889ef3064,0
2c58e5a40d,1
a76be29ab1,1
96c1639729,0
cbebb4b33c,0
82b0149e65,1
2cb791117e,1
aab5190d82,0
37e1d3d370,1
1658538572,1
52b7655f47,0
102c0bb065,1
c7318806ba,0
8c0aa783a6,0
2276fa115e,1
3843ab8b80,1
c1cc2be6fc,1
7f9b58944a,1
1ba37192db,0
42a6a5e942,1
77fa8700e4,1
610f2ddeef,0
1387ed6e71,1
1ba42eee9b,1
6a304c55ae,1
2694525629,0
345f31985c,1
26ede6f3a8,0
c5430c0ad5,1
4e88134d46,1
a2b522b880,1
522035d7e6,1
3287aef736,1
c913c91e5a,0
fb964c3959,1
44e82b1cd4,1
7d05648d56,0
01f44e5b1c,1
7839d4e7d1,0
9b286837ef,1
25dac18fb4,0
a14e5398d2,1
f341a4c55b,1
10c4d017c3,0
df731b9e05,1
23e7480244,0
759f3e9ff1,0
477080017f,0
d2aac05375,1
d720f3c81e,0
ed10522a5c,0
c37d79fded,1
dd1b2072dc,1
3c57442533,1
27134d77cd,0
85d408cd1f,0
84fc7c4da4,1
2838cf7a89,1
96d7b21623,1
85c13ff98d,0
f21053a052,0
602bd91d49,1
1b16ee45c3,1
659d2d3782,0
573c167b1d,0
7074c24480,1
70abfce1b9,0
cec4aab466,0
b91031be04,1
6e57d82bf4,0
83300bae15,0
5320a61b6e,0
a8e33be57f,0
172f938598,1
d16b74e1a2,1
de5e8b46ba,1
4ac41c85f1,0
352f47f60b,0
e558382692,0
f9f8c1f77d,0
26d1b4df22,0
5bb3fa8057,1
c699408dcf,1
61c41c7a0c,0
c201aa52ae,0
69843b2f91,1
500a7e25b9,1
552b6c46c6,1
9bfc1e8078,0
907f2f9f09,1
3911eecb8e,0
3e70940026,1
57cfbb2251,0
8a17673ff3,0
61e285d672,1
2e5a883570,1
fa2f32c54e,1
9b20a2dc64,0
17c751fcee,0
c91c23879c,0
64cf93fbdb,0
56130b2236,0
b16da5c693,1
1580aefe79,0
bad982ab9e,1
915be2fe7c,1
a8c595c26e,0
be2546bbab,0
dc26edf2a7,0
bb4fffe3b8,1
da9a678ab9,0
c815745bc4,1
65121d8260,0
5cfd682fdf,1
56e1244d27,0
bdbaa41b97,1
4773134bfb,1
de4ef4d236,0
0eb3044480,1
8723f8959f,1
90c6f20f69,1
2d6b2d8269,0
103f64507c,1
be6ed32f7f,0
621ba5d061,1
49944ecff8,1
6ee8b58ef5,1
721f8c8cff,1
5ee87f60c5,0
994615703c,0
4b58aa0670,1
ca26b6d6b4,0
9c721c05db,0
a7bd99472e,0
87865b2dfc,0
153c22f976,1
49c445b84b,0
f0edf68930,1
4e6b99a57a,0
9e26e7bca9,0
c877d87f1c,0
02e3307280,0
d7fe3d13c0,1
04e9608d10,1
b3e0c7185c,1
004090143b,0
a2da50032b,0
8d5a71a5bb,0
e242e313ae,1
bc7ef7d2e6,1
147978216e,1
f29b7e08ab,1
62529a8547,1
8a33d2520c,0
58710f5c21,0
aff834d8da,1
cc5ef4f26a,0
1c27148822,1
0cbab8694d,1
7498e42ceb,0
5168c4dffe,1
1e25f9124e,0
05af0c1e94,1
43b51ff293,1
92f8ae42c6,0
1796867141,0
cb6985854e,1
ab097a8800,0
8a8dead3bd,0
10a1930ac2,0
5ff442fe84,0
300f489af1,1
542d489f06,1
077651b417,1
f1ad6a7fa4,0
8baff4f773,0
b26779af6d,1
652fd02663,0
454a61a31a,1
5e62346270,0
9063d2d62e,0
66d348b09c,1
705243bcc2,1
a21ad5e84e,1
718b29e65b,1
b43eb88363,0
89ec748867,1
643c9864f7,0
95128d83d3,1
41839a1594,1
413a0ac1e1,0
abe6dbfb23,0
6d8d1a6a42,1
d3846ec62b,0
d2999742b3,0
af54169db6,0
4af252570c,0
a024250e0d,0
b577315aea,1
c107360e54,1
d26f2b665d,1
318c7936b1,0
6714cacded,0
e994f45e5e,1
10c730b3cc,0
4ae7e78cad,1
47d5335d36,1
00c0f2d840,1
c7f725ec1a,1
6b6d675c0a,0
932956c192,1
264a0111f9,0
c837a97e4a,0
2c1afeadcd,0
ef8bf1954b,0
972bdf8258,1
267561ea59,1
249fc76452,0
e1ea18a770,1
323b3f738b,1
2f6194ab3b,1
7581ce51f0,0
77c6e348ae,0
307b392f9a,0
10218a6282,1
086eacaa64,0
b020d57148,0
e3cd5b27c6,1
9bc6d9977b,1
d9bc346600,0
b0224677b1,1
73b2ffc0af,0
ef19f6c225,1
66b225a9a0,1
eac70ac0da,1
4fb489eb42,0
eff94642b8,0
4ee008f597,0
91d9c115de,1
b44863ef66,0
ffee46e148,0
fa17e67475,1
8374485231,1
c952e352cb,1
dd44ab9d9b,0
0648ec3eec,1
fba57ecb3c,1
f8de5159d4,1
f32bb42482,1
d4d9500064,1
7a3dd23371,0
4550b53c01,1
fa9bc333df,1
02242d0733,1
0934b35dcb,0
ab2e6ba207,1
16790597e0,0
5c2a4878dd,0
60fefd169c,0
7333f54d64,1
4917d348ff,1
b3df2ce768,0
ad566ec3b9,1
d4ce635989,0
218d19a38e,0
6719b5a48a,1
e5185758fc,1
6039f7800d,0
fd3437817c,1
a7d87107f1,0
9bd05d01f1,0
748b61ad6f,1
057a82eedb,0
cc1693ee6d,1
3328fb9b40,0
611b70a502,1
e194d780c8,1
62a0a0066c,1
36f2b95d4e,1
f38384acd5,0
8dc36ca473,0
853ff60e83,0
2202e3eaaa,0
f5a8200fbd,1
565e21cea5,1
ca3dcb0a79,1
44a5d04022,1
3f491d7dc0,0
9949fb4e49,1
400149fee1,1
8cec1db37d,1
faf39b25a9,1
22c58ee733,0
47367e7438,1
6a7f202dc8,1
63de922c1a,0
31bd4612f9,0
1f1156fc35,0
dc89c5b350,0
47e7d4727f,1
bd6d232323,0
4cc31c1b1d,0
f1588e7f39,1
b02890bbfc,0
2665a04194,1
ea7b249a3b,1
1ad7d73638,0
80a2d292a4,1
e88cdcc95c,1
9d382e6413,1
2827912080,1
1b86a756b1,0
71f1486b94,1
018f993577,0
9edb5a2f27,0
6e471eead2,1
5059751c1d,0
70c4936eb8,1
c5fa279271,1
ea6a4fad4f,1
db42fb2312,0
b7e75d4805,1
9c4f1d3c4c,1
1b89c27f3a,1
332e4e4041,0
4d44734aa4,1
302b76131c,0
08b9808120,1
d4a669e12c,0
3102db3318,0
065048f2dd,1
1645d685e1,0
d3c3b424d3,1
1398b67f83,1
c7abf119eb,1
2d2a75a3b0,1
1cd8594775,0
a78a0aa4a8,1
46a5137848,1
d1dc10ef2f,0
10b272d075,0
46b1b1aa3f,1
1b96fe1e8e,1
64720b2afc,0
b5fba067f0,1
7bb2786400,1
6f9ceca5bc,0
6d13d89a34,1
ba2d755589,0
da0d1c9d5b,1
efe27acbff,0
1c3207b672,1
9be3556a2f,1
7210ccc8e2,1
9c26bc8f02,1
7abdb25c9c,1
a939c335f1,1
1659ad54eb,1
594b1fe210,1
c7dbeb2473,0
e5c74e012e,1
2161d00753,1
61795fd61a,0
7d881865b4,1
36df836497,0
ef039c3a99,0
3894054fdf,0
a10a23f497,1
9be04c722f,1
9ff168a69f,1
9a11316d4e,1
5a6d476d09,0
2bb61c3b37,1
6d21186682,0
0bead492c8,1
ae9a578a8d,0
c0ae2f9a4d,0
76b2465f97,0
1890ec9541,1
7c4c4a1f00,0
41e371b0e1,1
db42852c10,1
0a3f4e345d,1
e5f44d4596,1
5f0a9c3b85,1
cfa7c39703,1
4e75fc7107,0
c11354fac8,1
1d982102bb,1
e4f419f82c,0
aae35cf9c0,0
b4c02a4390,0
f37e89e2b2,1
2026071348,1
506e609eb8,1
15da318272,1
48d3aa34f8,1
2070ffd816,0
4ad218abb6,0
4cda1fe03d,0
01ef63e413,0
ddd0efeef4,1
ebaa5b9502,0
51326f0596,1
9c0624eb73,1
7b450f1ee1,0
d888e6acca,0
ad5963e2e9,0
6ef10906a8,1
a910b22003,0
dddecdfcb7,1
fa728cddf2,1
786b5f6697,0
2c14cde581,1
dc1c56efe1,0
f8cd814538,1
fef65d18b1,1
9eac88588c,1
65ae5604a7,1
02b71e2cf3,1
9ae0cdfdd1,1
8466253e8e,0
b7909194fb,1
758d362f0e,1
5f66dd5d74,1
1a277ff5d1,1
e9f7ce1728,1
627b8437c7,0
11c282d6bd,1
14b97b695a,1
161c2333cc,0
1a93057939,1
4f6a63e169,0
f8fa5ef445,1
ffc0ef5073,1
00819cc597,1
cfd45aae7f,1
85e876c8e8,1
9fd02cdbd1,0
44116d6052,0
83dca4a00e,1
eb2d8e2fa1,1
2c79f4005d,0
04871bf600,1
69ec029f76,1
8eafe43894,0
c3b24c80e0,1
4e60c30afa,0
5b2908beed,1
23bab42109,1
dfcc101c6d,0
035a0dc47e,1
4cae0595ee,1
a188020fa1,1
f739b1f1d9,1
9b82f8730f,0
d2f6ffbf02,1
3ee12c38e8,0
4d1e3edbbd,1
f782659510,0
8bfaaa7b8f,1
c9709d4037,1
b677dea644,1
eb9a880cfd,1
6b5666c86f,0
1727353aad,1
be02cc145a,1
6f721849dd,1
f4d5bfa37f,0
d89853016f,1
98d7f1f309,1
5597a9b6b2,0
e58aa88e23,1
3e4c253571,0
84a9942349,1
9b3ca747ae,0
5d81f9a5f7,0
28c4b6f38e,1
e7766ba72d,0
0b26f85ae5,0
99012a24a2,1
9cdd2f35b0,1
1ba987f40e,1
364cb3020f,0
2d84a59de8,1
64a2354a8d,1
db2667f7fe,0
743233361e,0
49214b75a2,1
e8b3706b6f,1
6773360c45,0
4d6f07cab3,1
f1fa5aeae9,0
f32f64a86a,0
da016d9607,0
64301d9bf3,0
1dcf100b1d,1
95ffe20c32,1
b590be2225,1
e1be2deaae,0
87bd729f5f,0
a941f8364f,0
8b5026bacd,0
bb1ea1f56b,0
7445386cd6,1
84c11cfe1f,1
799e01e9d2,0
3e662ce1f5,0
8dc87d25d0,0
59dd4a54c9,0
0a6d85944a,0
a021e606e4,0
93a8f79ce6,0
41480cd265,0
01d897452c,0
7ecef56189,1
06ec8e9fb0,1
2ec9dfa443,1
6e05258b0f,0
b977568ca1,0
cd9403be3c,0
097448e831,0
6675eb242f,1
744586621b,0
cec7003ee8,0
a699a94e5e,0
d9c686d47e,0
6674c46d3b,0
958b3516f9,1
eaad3022b6,1
519c1e95fa,1
410799fdba,1
ffdd1cc1ab,1
b242f2af91,0
3355d21ef9,1
0bc016ee05,1
0633fcc18b,1
fa7cfdf4a4,1
a459a4d310,1
51a1914d3d,0
71b4174b95,1
aae8486ccc,1
d95c166611,1
cb1dce4fa3,1
549ce06e8a,0
2b13d257d3,0
8e399951bb,0
2c5434e477,0
3259eb561f,0
9754b89b30,0
6643aaeddf,0
c1ba2d1152,1
dc83dc48b8,0
99c0dff152,0
0e8defe23a,1
7f90fdcbd4,1
30eec6b4c8,0
af025161d3,1
3883dda4b0,1
3120ec3a92,1
5d03144a51,0
7371eae764,1
eb10b54e2a,1
4632f47bcd,0
cd277b59bb,1
f955249f16,1
70e96afb58,0
f10c9cced6,1
be07aebb46,0
0b5c7b0b8d,1
b9a8c9474b,1
c1350ac05e,1
1abddecee0,1
503469767b,1
f7f26f5751,1
b43f86ee62,1
d498ed5757,1
6b91e796ca,1
7ab997f81e,0
61eff00126,0
2ce3b78b6e,1
dce19f2c78,1
4182418f0e,1
9cb7f8ef4b,0
19ff2f3dad,1
aa5d2c7682,1
fdaa966ee7,1
81e23a11a1,0
dd1270e07a,0
a1e9aa9ad9,1
44ddfba766,0
89a0adc70b,0
672679e389,0
2c88a2a4b6,0
64f20fdab4,1
848997c2a9,1
01a4b1e5d5,0
9aca4e4ba1,1
3d84545e4a,0
19fc91a3e4,0
bf1b8e38d4,1
727e4edf82,0
98b66aa958,0
d9a18709f0,0
204db66294,1
5e0267eae6,1
241598167c,1
70134744fe,1
3768016896,0
630f6cb326,1
3a0c5a6097,1
9ee1a2accb,1
825d7bef98,0
4d15353608,0
60836b13e1,0
b052aca019,1
84983cac54,1
bd17ede6d3,1
186675f3f0,1
1990895e43,1
42e4439b07,0
2470dcff94,1
8bf2e313c1,1
0614cd9a75,0
eda2cde6ac,1
d21e397431,1
7ce2fcdf14,0
f248d446dd,0
0daa8d90aa,0
d3e3ba6693,1
aaf6de3f99,0
5cb39973cb,0
60d8ebbac9,0
d390bf4174,1
c2de0fd9b2,1
effabee708,1
f132707672,0
9051a8c581,1
2fbc9338ec,0
1128ea7890,1
687f7e49f0,0
9f563d2ef4,1
c35cce0484,0
feef05393b,1
c29ddc22aa,1
9b9ccf8500,1
4b80e86c7a,0
82064c7206,0
b1d3dbed4d,0
4906347e1f,0
49db787aa4,0
4be9fbe9e7,1
ac1453211c,0
8267ddb4a0,0
fbf7f050d2,1
90b8a11dd4,0
933befba92,0
8498970ca5,1
a75b920aa8,1
34ec5ca235,1
32be9d8e63,0
016e36da36,0
881acd2eaf,0
a1d5d25f20,1
19bedeb329,1
0d996f9f9f,0
ae8d435444,1
a3e044155f,0
c9869080c6,1
7a8d2a31bb,0
548c409815,0
a7b2da27fa,1
10905c5235,0
514b71e8a9,1
fa50c2d4c9,1
2dc20b213b,1
936f53a385,1
28c6e31bd4,1
7c7ba2d33b,1
c3166757aa,1
7241da49d3,0
fe3b4d9404,0
374edf3a3e,1
c6dc127737,0
e26a5d436a,0
cc267f48f4,0
4b5c1e1563,1
1ee28641c4,0
d349016ee6,1
2a8d8267d2,0
510f3106b4,0
3c0fc171e8,0
f050574c61,1
59797490bf,1
3cd5691e2f,0
19e8d2152a,1
dcede114cc,1
31b7dd3958,1
5c7e26e046,0
f155e8de8b,0
e279dc2ccf,0
c262e9033c,0
9d36e70979,0
e97f6a9d18,1
296df7a88c,1
9e339fee75,1
5611811cb7,1
8303dbef7f,1
00b2802dfe,1
cc24f1e3c7,0
653cccb89a,1
08b8cb0826,0
43866ec9c9,1
03abfc4144,1
4a22a969c5,1
5f1065c732,1
55a3ca14ff,1
8d928d0b6b,0
a6ff3e4493,1
6ad8aa505f,1
6c2d7e8925,1
fd79c04822,1
021721fd68,0
a8c4e73e59,1
9e21839482,1
efe9f69897,1
4deab5161b,1
b21cbcc502,1
8b0be8ca03,0
91bc7029cd,0
26ba9876a5,1
ae9edb3aec,0
0a3f55a2a7,0
1816a2093a,0
36cfde87c3,1
3a29d095aa,0
4877258526,1
0ab2bcf424,1
9d1f4daf31,1
5577c3ff02,1
2bb4dc93b0,1
06ba52d286,0
00a6bd4531,1
e26295cca6,0
399dd7d969,1
fee5a1de79,1
7f2f456c72,0
32c9993fda,0
1184c49c6e,1
343dda071b,1
fa0e4b7904,1
94b7f98a6b,0
be47e25c35,1
d1de277de9,1
2db07e9be4,0
9a957dfe95,1
27bbb68389,1
ff28c99eb1,1
a40d54b4c4,0
5423a0b086,0
fc08deef99,1
8a9dea1511,1
7e23bb5e16,0
ec560b9c37,1
d40036e761,1
ca0401399f,0
0634870f6e,0
e1bb47d474,0
4568257a33,0
7c4cfcb905,0
22137f35e9,0
2511f449ba,0
cb5f4bd507,0
52446c1961,0
6a0ec777b7,0
9cd8424767,1
ba88bc068e,0
0c7d529026,1
367e356448,1
eb5bd9ba0a,1
cd88e53460,0
13ee66b53b,1
1c007515a0,0
feaef47e37,1
40998c157e,0
c1d482fd4f,1
d14ee2e465,1
38c393c446,0
2aacc9613e,0
7d816d09d7,1
33dccc3a8a,0
2c55b8c6ff,0
dfcfc59f9b,0
7560e77e3c,0
7876bb0d12,0
eff269ef7f,0
59dc0a116b,0
d5961d66c5,0
7f4d54aab7,1
eb38591d24,0
882722dba9,1
15752f51d5,1
6bb89fa5f2,0
6da03416fa,0
bc69b46d67,1
dc6fd65395,0
698f59fa4c,0
1042c4dab6,0
7e5c171a59,1
e1e5eea3c4,1
67fe00f080,1
3792faefbd,0
d71bc2be0d,1
34bff07d15,0
1120232779,1
02672146ab,1
ac27ebda7f,1
28393af0aa,0
063bde2417,1
b2e78dc75e,0
5a35ec2b54,1
c03139b711,1
0a6a475e3e,0
cb6d6e78b9,1
af4ee119c0,0
19df7dcb56,1
1a3f2cd182,0
282cd276b0,0
40358c04af,0
40060443c3,0
2507ad299e,1
2619c2eb1f,1
fbdff04648,0
0b6933e195,1
62be1dcb9b,1
5f2b1c8670,1
17def09c45,0
6a3591019b,0
b4fe270460,1
0e1e6f419d,1
d3f426cb20,1
987fd4e076,0
2a60a126cb,0
873911dd03,1
6ceb1236b4,1
3ccaa33944,1
1e62fdf03c,1
099238c3b1,0
321e5d1bd4,0
db60dfa859,0
fa25d94fc4,1
30597b12ff,1
9615c8cfbd,0
be2fec2179,1
a08bbc888e,0
cea8ed04a2,1
ac63faf7ce,1
0b9a958222,1
3f3e77cd25,1
4a0b003439,0
36bab68d00,0
d2f99e3057,1
cffc54b312,0
b6ef9ec6e1,1
a6e28aea53,0
4dde63e880,1
2eac0eea01,1
5f03c84409,0
11a42365fb,1
944bc4c82b,1
1966740000,1
e35673059f,1
60ee4164c5,0
50313198b8,0
3b5700c01a,0
201f935f5e,1
1e15954042,0
76674d0e51,0
6c4727ac46,0
9e4ea43e49,0
4be7000f6b,1
4349a1983b,1
a5b3e41988,0
9ce8ba2391,1
5bcf83c565,0
e2efd04db3,1
ca44ad8065,1
313b300389,1
e71c1340a0,1
a6c404e9ac,0
c200ede163,0
0ca05a5f77,0
a32fe40f8d,0
82904cfdf5,1
c10a375741,1
29226310b3,1
b489effe5e,0
5cb06d59a2,0
dd3c0e5037,0
e50ff160aa,0
753bfaebc9,1
1fc9f8ca5e,1
93bcc8da84,0
22be038dde,1
47b4193607,1
0d9834694c,0
5e32d2b930,1
c23c5081fe,1
162f6cc69a,0
2da7235d4a,0
4dec1202f3,0
d7cb4105b6,1
0b172d5e01,1
b4d7745254,1
254acd0186,1
ae8f22d4c4,0
60612524d9,1
dbe13200f0,1
90276094e9,0
7fdb1af2f5,0
c3b8ea868e,1
e494a67d6a,1
aaef6b94bf,1
d81650e0dc,0
6a266e9f5a,1
4202d0e1ca,0
306b0bf8f8,0
dc98b521ef,1
add8684126,1
6290a3d093,1
e5ccc039ef,0
35d356b26b,1
1552dc34ce,0
10bba514fb,0
b3f86e92a1,1
133f61cc7e,1
6c691ac013,0
93d408f3b0,0
bf7c89da0a,1
9c03f23ed1,0
059630bbad,0
c8ab101178,0
5600fc71d2,0
b327b26c16,0
fc59a7d294,0
3a8e7a28fd,0
77f585d098,1
59437351cc,0
fd24cae580,0
7ba1b0e410,0
b946e9947f,0
0e4ae6e4f5,0
62f2189084,0
7afdef54ef,0
94fae8f7ef,1
4cb3b63af4,0
0e44012249,0
17690e5545,0
36d6640447,1
905663b719,0
74a439abb1,0
38646fe94d,1
77e140209d,0
61efbead89,0
1353b4683a,0
425731751e,1
1c947bd8c2,1
5e8313a958,0
244728f549,0
7c81301bdc,0
d179e309ba,1
9f7cb300c1,1
ff99d9786e,0
5ae22a4b13,0
efae0a1427,0
4e1e96cec7,0
b3c86ed741,0
b9d5cd2f86,0
085899f3d6,1
e431dd92c0,1
a5339b5877,0
51d2cc93d3,0
373371c70d,0
f0ef7f6100,1
e22b921703,1
7aa004cf82,1
443080ec71,1
64595fcf1b,0
499c231ff3,1
b5cfe3c3e1,0
0214116d4b,1
24cdc9b227,0
63f193631b,0
1330202ecb,1
c7637542b5,1
0e04d86849,0
12574699fb,1
10c14de57a,0
ed7bef9436,0
d07ce397c0,0
589cfd7c09,1
63a93e276c,0
66598d4b11,1
afffbdbec8,1
bfbd99885b,1
0f2a7b5f96,1
7eb9d24e38,0
88a230d3d4,1
ef8540bb47,1
e78093dde9,0
da7ce99b41,1
8263c0d829,0
545c09162b,1
e0d320232e,0
2c4842cc2f,1
84a54cecbc,1
4bf4d8651f,0
0bc55f9285,1
fdb2a700e4,1
ef3ccace0d,0
c332fdb884,0
89391773b3,0
beb3dadc6a,1
7e51dbaf93,1
23615c1068,0
6b1b62659c,1
1efab8264b,0
a311bf7d85,0
b96481e1d3,1
a3b50df656,0
6bf0ad0402,1
2bd2dff65f,1
a1fc6ee2f3,1
be18e967c9,0
b0b358a2f8,1
1b2b9b6cf8,0
30c8fa7f3c,0
b6020deb09,1
070b05a4f2,1
0b092b62e5,0
0cd5139d1d,0
66ffcc68c8,0
b373410754,0
165e39453a,0
c6d395fc52,1
94e33652a3,0
b91fd22f29,0
c56a9429f2,1
760fea1a89,0
7adb622559,0
af63a66acc,0
7b3005a413,0
e1398caae2,1
2540fcdca4,0
8cc005b6d1,0
f00f77987c,0
65ac63556f,0
625d4dd0f1,1
7f93098104,1
a8538f81ff,0
fddd231431,0
672ca7b149,0
ab593d3715,0
00d2880b37,0
767a37b1fc,1
64f7881c00,1
cc9e55e74e,1
987397995a,0
b9122dfd17,1
2466d86ad6,0
4fc4531c72,0
9a510ad5e8,1
543a65df5d,0
8a05a7aa55,1
637d9c20ad,0
df17c727a3,0
bbce9e08fe,1
97bde35c0e,0
e235e4ad70,1
df76a4cc58,1
617e24328c,0
0a0cf04efe,1
6d69951960,0
da974eafba,1
ebe123e754,0
168bb6423d,0
2c82ace340,0
41dff0d4d3,0
aabdce4995,1
b463f3844d,0
58ff148807,1
ad4adb28ec,1
a1b89a5cbf,1
4b138cf130,0
76c2627653,1
a61499d87e,1
04c41517e1,0
a68bb2b34d,1
826ab8d0c5,1
a1ab55ddde,0
cd6ca4676f,1
9ef944b780,1
940c605998,1
6f1bc2d454,1
580ca3dc70,0
ac42fd8c90,1
54e1b5369b,1
fb7cea9439,0
10f071d5c1,1
12893f2834,0
5e02262937,0
a7f1f09e5b,1
1a06690747,0
326c195880,1
c58d9ef2d0,1
988577d710,1
e65d0cacf5,0
ca5c901440,0
07d4995569,1
8af6cfdc53,1
892761ea79,1
dbeb9f0774,0
f1f3d211f6,1
5082fce326,1
7168d4f9e5,0
a44cbfcb54,1
a322b83d75,1
eacec2cff6,0
9836f6343b,0
25bc2a408f,1
b0e1bdd95b,0
98c3623b4d,1
0fd05a3c58,0
cc39f41998,1
90e645ac60,0
45abd0f3a9,0
a27e4b5cac,0
ee2ca135ad,1
ff0ba93b0f,1
b454123f0a,1
9935c92e4b,0
41eda8e365,0
578a673db7,1
7040a68706,0
5954cb1136,0
46810db88a,1
a896ffc3d4,1
935fb1695e,0
58af0d4877,0
f043953307,1
faf0aa2ee7,1
07f8cb599f,1
2bdb2211cd,1
a443b254ad,1
8a57a542af,1
712bb00be4,0
ab9375dbaf,1
eb3095b761,1
bc2803a263,0
8358a30e1c,0
bd542d7eb6,0
24a047c220,1
ba9f3ddb9a,1
a8d2fa4fa4,0
de64594d4a,1
1ec3fbaf0c,0
922938a217,0
eef71488f1,1
f929559c04,0
938a1aba23,0
dd67791fd6,1
0bada29c25,1
e2eeb7c319,1
8ebff6d0e7,1
749a2c4036,1
eb7a9c86a1,0
81d4163f25,1
abb10a3915,0
57994f642b,0
bb142efc84,1
e21f8d8b08,1
1b2c9cff05,0
f2e4461f24,1
3063e726f6,0
2e4ce9828d,0
e046e30b5e,0
4ddc6edb72,1
a477856a9d,0
4070c1aa8a,0
376978b401,1
e5b66770ef,1
622119fcf7,0
980588ddba,0
b01e1ca842,1
5102d3e430,1
153de3ed3a,0
938af3cd14,0
e8641e65d8,1
f28f7bf703,1
937affe056,1
04cb3b79c3,0
d425f7da73,1
b6f22e014f,1
5393afec44,1
e2e86c1c7c,1
aebbc797a1,1
d20b41a113,1
33d3bb0f4e,0
095b7229d8,1
0d0839a53e,1
f8cd405339,0
71f6b3f7c4,0
9e5d3fca2e,0
0c30fd2757,1
86aca498c7,0
c0f4e25465,1
361be27cc4,1
3577ff8ab7,0
6533fb76d5,0
7520fe9af8,0
e3cbf08138,1
2f96b5d6b3,0
386f8afceb,0
31f739bdaf,0
15eb3ef7ae,1
ec906b1601,1
8a0966fd2a,0
34bb418d33,1
db3c03c27c,0
1c80a41ca8,0
abdfaf9177,0
ea03d954d9,1
510a56a6a8,0
a466b47d79,0
d3f1f42385,0
fc8268a8a9,0
30c1622e2b,1
00f944bc28,1
c1052ce312,0
9cdac59e05,1
85160c198c,1
a6d6855e7a,1
d79a14d4d3,1
2b648ec80c,1
263b432743,0
775de28263,0
136f006f68,1
ecd50c5625,0
45859246f3,0
f64d5a0ed5,0
6a62e09d21,0
d7bf2effc9,1
925713bd35,1
96141b24c5,1
9f8ed1622f,0
3bf45afd75,1
b372ee3d0d,0
86610fe364,1
de689a9538,0
f17883a512,0
146f5e43e9,0
c83d701d1c,1
7c4ffc53c2,1
6b452ac6fc,0
36cdf74614,1
99778b6326,0
c0000ec52d,0
3e10f6b428,1
8246b55543,0
9c327b14eb,1
c07bc46047,0
064caf2a57,1
7d57f300ab,1
509a36ac0a,0
aa6d24dc60,1
acaba222c9,0
0005476da0,0
937910a0e6,0
090270ba50,1
9f58d6dbfb,0
06d7ca36c2,1
04fd4fdfc9,1
79037a9f7f,0
114e0cf742,1
513e0ccac4,1
64ee5b3fc5,1
badbfa446f,1
1905f46152,1
7a8e4299bf,1
99a23ec7fd,1
8a781c91be,1
9434ee7dfb,0
a38762a7ea,0
9c29e427ed,1
af238af8d1,0
1e5e110d1d,1
427a77d3e2,0
f94a458a5b,1
26f58624db,0
07cea2e70a,0
44b15b528c,1
7738d04c3c,0
1f63edbceb,0
916a583de7,1
437779d63b,1
01e07e9d28,1
d4bf4893e2,1
704f473614,0
77f49893da,1
877a85d050,1
c963fb3bbc,0
b9657af62a,1
c611255a9e,0
d7dc5afc1d,0
285df800d1,0
b2e222605b,1
296df9c3af,0
124b1a4e3b,1
a70f716b36,0
3bc8dc3b0f,0
9ff95efd2b,1
860ce058cd,1
834d7b3aea,1
389d520dca,1
c8b92fb9ab,0
cfbf72f9a6,0
8806de63a5,1
9d09419a19,0
2699f128e4,1
79db499cfc,0
6c4fa5a629,1
bd4a915a53,1
f20e775be1,1
30042cef6e,1
ab1eb96913,1
7fb15a8701,1
aaf2115f36,0
87c6743706,1
dd14468460,0
a690e95be8,0
1cedd2f975,0
07db1085b5,0
57ab08b7fa,0
83d4a6c228,0
a64100d7a7,1
ba078819f9,1
6a124c3cf8,1
fad08149c3,0
ee9037f451,0
c1edd34d98,0
4c31430afc,0
4c487c64f9,1
1e6c3ac724,1
fbc814cba1,1
193c52174d,0
144b81ab40,1
32bfac3535,1
be0bb76264,1
dd7500e7de,1
f6bd63bcb9,1
f7dc1f9169,1
2df003ae85,0
3c2fb2c474,0
2d87a1e33b,0
8e9976bd64,0
6667bb735c,1
b8a80469ae,1
8e9ef21b47,1
a355cf768b,1
6d50d082e8,1
dbbead3f1b,0
c8bd57108a,1
01352edd30,1
985edd5218,1
e9772d07be,1
b4a427b1ec,1
24b61ae218,1
dc3107e30a,0
409998754c,1
880e0bdc37,0
d4561b26e3,1
7f2c6feb97,0
967ee34692,1
a16066ded6,1
a68cbf95b1,0
e3125c8e8a,1
d39e2c8e98,0
effad1bd73,0
27635a9c27,0
32590fc6ff,0
9646dd5384,1
721f9c60e9,0
f5278729ef,0
dc59a3b485,0
d74ed1cc55,0
cd296a0058,0
28578a2c68,1
ad1be87c23,0
2498a82db1,0
cc1b328efa,0
8cd8a6723a,1
dc6259ab8b,0
518604bde6,1
ab6c1e4ffe,1
55262c1698,1
6bfe3578c3,1
1b47582d28,0
2f010d0f59,1
4550d0f5e5,1
bfadfc6528,1
eeaeb4ff05,1
5226834fef,0
fb1b748784,0
4544221616,1
d1bca38498,1
5afb4d5582,0
ef14967ea1,0
3a80ca50d1,0
3c55401245,0
7b9fa061d5,1
f3dbd9eaaa,1
8f2ae0d6ca,1
46b0210a22,0
8da2a23f4f,0
36d6fad952,1
7e262b783a,0
2ef81288e1,1
ad90c881e1,0
59a06de76e,0
68c1985e4d,1
34aff698f8,0
c1b6b7c98c,1
c2cbe6859b,0
c8f58dbb69,1
cdc4016cf9,0
cdd2151e84,0
e27467b60b,0
956df12add,0
2cc196d89e,0
7deaca1c4a,1
e642f6e467,0
496ee88720,0
c42133fb9e,1
5012306736,0
eadbf45fcd,1
d63c2d9107,0
4c01bb5aea,1
0d1b1e430f,1
3db5162a6e,0
06d1387f3b,0
7ae39eb591,1
59ff19c841,1
11eadd9433,0
52c0714f55,1
bc32f0406d,1
72977c2846,1
00c1192389,0
46226564e8,1
7c77dc7e0c,0
6c39b4150f,0
25bd282ed1,0
eff33bef4b,1
ab6d9aa748,1
83fdec1fae,1
397e3f2213,1
1f32fd6d1b,1
5b40c794cf,0
eaa6ded4e1,0
dd9b8d3c3e,0
5c7a2b4470,0
40c632ab94,0
38af627d1a,1
f03120cadf,1
cb79a99e51,1
895bc6d2e4,0
0947b87ff1,0
35fe4b9524,0
efbcbc3b7c,0
4a77af03f0,1
237cfc21ab,0
cce248a459,0
dcb7ffbf8b,0
a0ff6fc3db,0
92a63741e1,1
262a7f703b,1
203b664bb3,1
5530db9b35,0
9b17ffdb1a,0
504f3bb61d,1
9b84632d95,0
872332f340,0
a9190cf429,1
b0715eebf2,1
460d72bfe9,0
67127160b3,0
7a7903b778,0
c5a0edd7ce,0
cd406c7b0f,1
765e26e214,0
623e9cf718,1
c68a7d856c,0
473ee28c40,0
f849d46511,0
de83aff97f,1
63638088be,1
db7cee04cd,1
2ba4bb1bd7,1
9dc21bddbb,1
ce1c700342,0
1fe55981c0,1
ffecb113d7,1
30465b982a,0
9743accb56,0
5da5be5589,1
5e11163f31,0
a68008145a,0
12d5b7aa47,0
6afd797678,0
7d68ad72d0,0
90081cfb46,1
b3a7fbe98b,1
5722f9d364,1
a93a1c7099,1
209c59e712,0
148dc33476,1
1d57bba9bc,1
7431026498,1
243aee0f6e,0
b18e3c8771,0
0cb3008edc,1
0a112064d4,1
fe8a12bc56,0
b83e7127d1,0
79620780b7,0
d9e674b8f2,1
c862ae1373,0
17025911e2,1
2c14032412,0
d763bc3e1f,0
e65ccb57f3,1
530ee091b0,1
f094a80179,0
343b6b7c54,0
70a28996e6,1
728d04a521,1
d8256ad2f4,0
bda27c26b9,0
7ecc1a7647,1
c33ef5b9c0,1
4ada461305,1
a07d6d5b5b,1
ac50a089b1,1
50a3b01e5a,1
4e464b6c72,1
16cfd9d173,0
edd3948161,1
0f8f2a409c,1
bf2434efcc,1
75b2f05c48,0
5d2ba9d3a0,0
b7d64ba743,1
1195fd9ab3,0
f2eac79807,0
8339d8721a,1
0848c7e007,1
f59ea69666,1
c2e5b52233,0
f1e6963525,1
a7cc52df3c,1
7f158100d4,0
152a42093d,1
46a08696fe,1
36f984093c,1
9ea53e4c0f,1
0004a85055,1
e4cfc9ba0d,0
2bb004de0e,0
4284a74507,0
3b4c09425a,0
1fdbb779b0,0
42462f4565,0
4222f36940,1
273e3f0f0f,1
ef839126e6,1
520231dcc7,0
ab3cfabfa8,0
df20c89d86,1
4cea4c1051,1
3b51401c2f,1
f1d3b121aa,0
941a057f26,1
5523167fd4,0
2014e30eb6,0
ae6e73e22b,0
55f288094f,0
8909a3f69f,1
f8b7051ce6,1
8f5ac01f14,1
bb8a2551b6,0
e4c3806624,0
b6c65b1584,1
23dd01a288,0
26d327ce69,0
2750163c0b,1
dcc2dfb1da,1
7599ffab68,0
0ff85d749a,1
b73ca612b4,0
abc146a9b9,0
4740b9e0b4,0
070220353f,0
350e891804,0
d17aecfbfc,0
6f2fe70852,0
cdfc21b5e9,1
3c109f484b,0
a440575b8e,0
f45d0a0529,1
00fa9f14f1,0
8764946a30,0
0bd8d9cde4,0
42503ceb70,0
3625108fab,0
72499d7a95,0
128810115b,1
2bc4f73ee1,1
0e3a1cba11,1
bd1b7d658e,1
49134e31c9,0
bd80107b1c,0
d6bfe224a3,1
62cc27ff78,1
95e6f142dc,0
1b1b2f58a8,0
65bb38431e,0
4cec0c14f0,1
bb75205e09,1
d039fbf510,0
50884e467f,1
3bcedec198,1
2abde6baa5,0
49b8b66179,1
0a4861c5ed,1
509003786b,1
573c00aead,1
0197e27a47,1
035c910efe,0
92319cf4d4,1
f2363f0336,0
81684f2770,0
8fa21cc61c,1
f4f881dbdf,0
cb5e0b3548,0
d49aece9bf,0
493b900255,0
70398aecd1,0
d6e837baee,0
7a159a08d2,1
970415ff39,0
a3538ad14b,1
ed6f224a0c,0
1603e23621,0
d9cb718805,0
74565b337b,0
2d370a627f,0
cf5addea21,1
043eb981e8,0
fcd98dad89,0
33b643bacf,0
b966b943ba,0
a4d2fb5913,1
bac7e3aa56,0
56354ef2a1,0
8dd2d28f94,0
dc448fc8b7,0
87b2608abf,1
60f1dc58ec,1
2fb7a8112f,1
2cb36d52f1,1
a6e6bb55bb,0
ef34a131e8,1
3cbcbfb7b7,0
e4e7619a2e,0
213ab97a9d,0
80f9c629d9,0
d621a4f21c,0
7eef3e159a,0
05552e5b6a,0
83638b9ab4,1
598e4d4823,0
25b47c80b9,1
42b480361c,1
97e409c52d,1
3d4cec3cd9,1
1bd310a358,1
0f856c572a,0
faf17dfadc,0
24f307cc9d,0
2ae6fbf5c6,1
3f48649d95,0
725ddc22fd,1
ebb8fb77c7,0
8594b97e37,0
8746bdf9ae,0
0c8edfca7d,1
76e43373b2,1
12d053b8de,0
2309ecf068,1
5a9db5506d,0
5e0f9ea9ee,0
bc05e71655,0
5012152b9d,0
3245bfa18a,1
5442c8817e,0
e3e54105ff,1
a0186150b2,0
8fa9fb9244,1
1433f552e1,0
ccb5589001,1
b1c7d02967,1
166adaa48c,0
1653b79557,1
c7b8d92976,1
7a674f73d1,0
337afb7d02,1
be2ebbcd64,0
3e95b9faee,1
9715f31a9d,0
a542a9753c,0
01ec116c75,1
d7ff892be2,1
aefddcba52,0
15bc18b7d2,0
fb6e494c1a,0
8ce0d64df6,1
c6d50124ee,0
27c9754be8,0
a0300225b6,1
e2b800c3d4,0
d6ace0e6d4,1
7c0fe07ce3,0
cadaa42259,0
18566107ec,0
f2f6eda288,1
05c66744a0,0
b077f1c205,1
1b8fb83481,0
6ce68589d8,0
1fb6aa1e0d,1
2818210a33,1
a8811688ba,0
93686d8b3c,0
4691a48c30,0
0e865fd635,0
3474169405,1
35f92b1803,1
25dcaa4dbf,1
84b12a5a54,1
2fba5f358c,1
3ed8cd1bfd,0
1812dab99d,0
10c4ff5d78,0
fd94fcd1df,1
64b090caff,0
ce92fa378a,0
e1f780b2de,0
1244ae7619,0
fff7129b76,1
89af44de8b,0
9b5aad62c8,0
7cb56b09cc,1
eb8b44d06f,1
6e499744e6,1
401bee0e9f,0
dfc63054bd,0
6814b9b9f2,0
791e15fb98,1
96f0f88a39,1
c44d22a009,1
93975ee711,0
ce8d1a4572,0
943f761e1e,0
4c3195fc55,0
be10816a91,0
7212e38fc6,0
777c84c377,0
5847e87abb,0
5c004f31f2,0
f93b8b7e89,1
d9eaff8fa2,0
adb6b7c30d,1
d518aedd60,1
8e1427dd7c,1
8cebd680c4,0
bcb746b569,1
cb18ab07c5,1
83234ba1f5,0
93574232d2,1
5d2a24997f,0
9afb98b0a7,1
45f9c222b6,0
0b0984b8a4,1
6786222c74,1
a1aa8de24c,0
de02725b4a,1
3ea31e848b,1
30cb3bb5a4,1
00ee0bbe7d,0
fa7a98487e,0
789b1d2561,0
11710cf414,1
1438b59926,0
36990d1560,1
0e81661777,0
d5cea167d6,1
c76e64a9f1,0
19e98ca29f,1
bdecdf6765,0
0c9eed8d05,1
30cf7291b1,0
33f8365724,1
6f643ce324,0
cd8d7401d2,1
c9627ee366,1
e49868bead,1
2650a5789b,1
abd1baab98,1
2ba0fc3d08,1
28683e493e,1
c64ad5a8d5,1
d287d67aea,1
0c7e315c99,1
cebf28fb5a,0
fce3017fc7,0
096dd6aec5,1
4f20ad87ac,0
834f6d6083,0
a6d1b31e2d,0
c2c475b130,0
58ea30f1d7,0
3070cd7735,1
b8e8658602,0
8e2499b054,1
43b48fbc97,0
7767f178df,1
85ac192d4e,1
7eea1e7598,0
e4f58f3bb0,0
b4f026cb3b,1
e0fe4c9829,0
71122c3941,1
32b2bf2c2b,0
cffe156f24,0
d25f52722a,1
a15f66ac56,0
d81b010a96,0
f3e8a90f88,1
a015a4511a,1
cff133c8b5,0
5e4e3b8ac9,1
03aab6531a,0
b1427ab505,1
564d7d6113,0
381ed7e349,0
93c90e91f4,1
e60af4aeb4,1
59f1f4277b,1
6170c6dd04,0
a444bebb0f,0
f1b2c9bda4,1
e9d6742000,1
0b8b9275eb,0
d3bedf4b3c,1
7ca48fded3,0
cd0f7dca63,1
7eef718a3d,1
b28ecfbd7e,1
354f56d236,0
2587e630c5,0
c1107d36af,1
ba8e39595c,0
10619f6550,0
fe97e532ed,0
9a0fe970f5,1
fa1d806709,0
59802c1a0a,1
2c2f5b2d96,0
d734daace5,1
3a606fcec1,0
0af809d609,1
43b84e2a1c,1
ef595812b8,0
2dbaf35f3b,1
a74bdf6737,1
306d87def0,1
aa0a8c9e7a,1
fe7c3a934c,1
47a361d1f3,0
1611dcb3ad,0
ca09a07f69,0
d7d8f10eb2,0
c02362e9e7,1
baea985d20,0
822019fe5e,1
2b092e8169,0
c48a3db1dd,0
f1862db7ea,1
b0acc792c6,1
bd2dcddb93,1
a8219fda07,1
392de2f9f7,1
1f20622665,1
23766cb351,1
1b5b4db89f,0
f700273989,1
6b4f294ec3,0
a0de3e0be0,1
982fc59ece,0
1225b965d6,1
8bd99e96de,0
895715ed74,0
b458472fdc,0
60bd48c225,0
c05ee8ffa0,0
744957d36a,0
df0d997bd4,1
05d4788c4f,1
5ad6a5fdf8,1
ae92487cc6,1
413b4c0351,1
5829d44326,1
caf4422aeb,1
c564500218,0
26694287db,0
0a61279627,1
1656931f65,1
f118f3940f,1
9c64d1ac6a,0
bb631ee348,0
00427dc64a,1
9340e1794b,0
e2be527b64,0
221b82f40b,1
e07c2091ce,1
31fc54ebaf,1
78954bc2f9,1
3a15c5cfac,0
f850cb59a1,1
a60654e189,0
6254071368,1
10ab6fb211,0
162d3f5332,1
27e97c8a8e,1
6c04180f27,1
643a1c1b0f,0
e778e2eead,0
806940ebae,1
d48eec4c89,1
75defe5f6d,0
3a0f9ca624,1
b7bae7b1d2,1
fb8041d124,1
09b9eb1712,1
0f5ab85695,0
39c491ac8c,1
1df950a150,0
e00a60e343,0
ac4b5454a3,0
24bb19dc36,0
18c5d7648e,0
1aea7f3b22,1
99c15b66c4,1
f10f47c9aa,0
38e883adf1,1
bb06dbfa57,0
ce6d08cd3f,1
9e3cb406a0,0
7b02ad39cd,1
d22d6a5c48,0
7668acffdf,0
c1ce0b414c,0
6aed5fbfed,0
c10748a0d6,1
b97ea406a1,0
d9a34cdac1,1
f207b3596c,1
41b967472c,0
6615128617,1
62fce0f42e,1
06e61a1501,1
f2572f78c5,1
cbbe9de488,1
1c0d9d7be2,1
86fa294c5c,0
6203f35cba,1
01ca4f1524,1
5cae82feab,1
b1d03d007d,0
d7a44d249e,1
55fc2d4817,0
e24de353dc,0
3cd7b2b83b,0
66d181b7df,1
58480e1cee,0
8ef5836769,0
c865d2d87b,1
cb6b9ce057,1
9039cbc102,0
3ed1aa0d16,1
dc68eb581b,1
b2c35a7340,1
593ce5cae8,0
86a7fd223d,1
67d40d7809,1
2524154685,0
7e0733b868,1
9bb2f386fc,0
981b7cfdd4,1
3f12bd2676,1
7580073f3d,1
47c92a9e7f,1
8df4fc18e0,1
316cd02c79,0
2a6c497418,0
c8d728225f,1
abc2be860d,1
1d6ebe221d,0
fd976e2f94,0
97bfa6ae66,1
1ac9524f01,0
43120eed03,1
bb72987623,0
5af16046d7,1
2ed0958968,0
fd95d7eb6c,0
1caa1e3331,1
8a3d2e66b7,1
6bbb3da8f3,1
9774cd0d74,1
bb23d47619,0
4d4cf99689,0
7a18da8848,0
0644d4856a,1
35a8f258ac,1
c849c1cc28,0
74076bc81e,1
4968d3ef43,0
e22f7913a0,1
9000f468c1,0
0b4e4dd815,0
904830878d,0
77265bc5ad,1
041ef6da81,0
5f5fda6406,0
51057c91fe,0
fdc20ca909,1
6fac803461,1
0b8d33f9b6,0
263f232fbb,1
a89eb4c254,1
f3ef3b5760,1
a896185166,0
38e5a1e9b0,0
cc46dbe917,0
1fd64a898d,1
f9cd1a6a03,0
a99d481158,1
5dfd032c68,0
a2060d57e8,0
d7fc60228c,1
7d636e8ff1,0
cdc45e6827,1
6705165350,1
9506650aca,1
ee141653bf,0
47cb0fd0d4,1
5244225d14,1
ab2d523fd3,1
9d23fd815e,0
100693142e,0
b51a14402b,0
5c573aca6d,0
4bc20e5124,0
8e610bf548,1
8684d501b6,1
bb187ccce3,0
2b9e1e3867,1
efa25b7201,1
032a7eb382,1
0bb4534f70,0
8d113ce236,0
978d2e8203,1
e479cf75b7,1
3b0cb95533,1
bd481758f9,0
09daaa1d3e,1
162e33ce1b,1
80397f8b6c,0
353cb8252f,1
3ca04b52a3,1
53ef3c53d6,0
41ceb93bf0,0
4ae8ddb3a7,0
e008ab87d8,1
30a02094d6,1
07bd65b8c3,0
9a1ed241f0,0
9bc289eaab,1
fab2c3ac0a,1
748730bff0,1
7c8ae35c24,1
6dc9763f25,1
e73b51f7eb,1
39f28071a7,1
a067ab79e5,1
17d95e8f3d,0
ca2c33a596,1
5478522e94,0
cf5952e0a6,0
6ac2485d27,0
212682c0f5,0
5c84d3c1df,0
924cb0a15a,0
358e243845,0
d9fd755851,1
9250b42eb2,1
209ef5d116,1
7ad5d5032f,1
15747be51b,0
eeef5a91c1,1
9dbc31a2bd,0
c8f4d0fd7b,1
c34aae9a27,0
42c84a7020,0
1875488bbc,1
9ee9bd9f7d,0
cf9846f868,1
5fd463b7bd,0
934e307745,1
1330cb6f20,0
74a42b31c7,1
982ef4419d,0
9f167b4987,0
d2ef1549f5,1
c158de2037,1
3595cf66ff,0
30e5eed44b,0
f3b0b3afb0,1
d049587fd9,1
0e08c5d393,1
72060b4e09,0
d6f4846668,0
a26549e77b,0
bb5c1d7635,1
00e9b30675,1
d7fe6fdec1,0
a9d701549b,1
6ff33c2b34,0
c20fabd95f,0
df0e9831af,1
2fb8ba8ed4,1
1f97153ed6,0
c52f17db2d,1
05a5d59427,0
830009ffd1,1
c36454dd33,1
7bdac30864,0
360278ee46,1
0a8ba9e08e,0
abcde52d7c,0
c6de715dea,1
0afe27621a,0
30c6a284fa,0
79076ae972,1
e575437c23,0
951d746b13,1
17aa8c70b4,1
6f510a96b7,0
8887e5a367,1
f5e46e92d5,1
69fde98ec6,0
676db1d53a,0
2520609bcf,1
19a78f10a7,1
6092680867,0
e123e31712,0
99de480dca,0
e5f70f305e,1
3888f11ec7,0
43540bd355,1
93be0e5f67,1
e0c059e326,0
280b027277,0
f168b813d5,0
5b8bfe633c,0
6a548f863d,1
64e288951a,0
76aa9b781d,1
9bba0068d8,1
ed2c80a855,1
4fab24b87d,0
9031cbfeb8,1
217a1cf5c2,0
0dc210d341,0
47b19af28f,0
9063fb32f3,0
e1304d8fec,1
8e7f4dc7fc,1
5b3ed653a1,0
aaa48f4600,0
94e1aef042,0
76e738fe1e,1
b56aa2346f,1
bff7c40797,1
1248c0774b,1
4b99cabfc2,0
f88445bb60,1
742c6ea18b,1
8492f74e12,1
d5fc0f6261,1
816bcffafa,0
cbac6c1a60,0
4ce48c59c6,0
a3fe7febb1,1
fe85826b72,0
cfc2c58600,0
aaddc09276,0
72b234abd8,0
828a04f95e,0
90939a9b99,1
9ea94a0293,1
e8bb981a53,1
7d05d8219e,0
cf22cb771b,1
567bb68706,0
c9ced5ebce,0
9ac342cd02,1
16a5170933,0
6d2db769c8,0
e2119ef3dd,1
31f2116873,1
210407aac6,0
00046aeb49,1
a9ce6355b0,0
31ec44d100,1
fee83e19c1,1
533297618d,1
419a70bd40,0
20992c961d,1
1da5554e37,1
0e4d9195a4,1
3a530c9a00,1
ea5c1d76b8,0
6c50bcc293,0
db11c88c9e,1
8f92306a8c,1
c1cf9dba2c,0
340b610ed3,0
bd5a709070,0
6d78144681,1
99ac38e2a6,1
e7d3ec7458,1
12b316483f,1
29047fd8d7,0
8db8a45a19,1
b2d7a81f79,0
2c3c36daa8,1
c7262f8e5c,0
2ad0c73b1e,0
352fc1c4f3,0
4bf46fb547,0
b335803e19,1
3880cc2a19,1
3bb5ea654e,0
354ba5714e,0
3cb9deda06,1
a8d9a5e096,1
9155e2ac1b,1
525f2d124d,1
7853742cf9,0
ea9d22ec5f,0
6595125f13,0
7e64ab8a06,1
2e985a6654,0
640ca5fc37,0
22dd107b80,1
ce9c4a1e5d,1
c85bb84541,0
0c851604b5,0
bfd553eb48,0
faafd03815,1
694cae3154,0
65f970ef81,0
64bfed6401,1
c422990101,0
b97eaa9ffb,0
4f6d4923bc,0
3be1671a2d,0
7c20be377a,0
e9b1157baa,1
ad1d7f2d10,0
952703bfe8,1
7f48ad2d9f,1
274762df14,0
1332563fb5,0
8ed2c93472,0
f0d763291b,0
66b420a61b,1
c9e03a0755,0
41552cc56e,0
b726e4baaf,1
9b6c1a79e4,0
df7b4df613,1
9ca4acc7d9,0
e9e04f6153,1
5f749e7f29,1
847ec1b8b2,0
4cd8488417,0
e92b84259f,1
fbee04409b,0
5d5a8625d3,1
d8ea6a5947,1
7faa76029f,0
cc8e8c8235,1
c099f77a66,1
6401b9dce4,0
2343ba47e5,1
5cc705ebab,1
b416406a71,0
0701acaa0e,1
c5420e3046,1
9fdd4b6bc4,1
7d9a0cc08a,0
2eb6e149d7,0
63f96242db,1
32ab2770ac,0
179d525fee,0
0c73376fa7,1
8546321ade,1
12c475b0aa,0
2115be4511,0
1170e8d90a,1
8a257653bf,1
642f4c99b4,1
e3194f61c1,1
97bc5a68ef,1
269eeb3700,1
706b890262,1
da20adce76,1
774720c3f6,1
fd2995a32f,0
79629ee555,0
ad6f13f429,1
3d1702b0ac,0
f0e8b5737a,0
a19eefaa55,1
42eba24629,1
b253e1902b,1
9942509902,1
7a1d3a6821,0
9216b71647,1
edcac4d6a1,0
45818ac4f7,0
dd0f163a9f,0
b108e6faae,1
80d59de22e,1
4f4559adee,0
eb8550d91f,0
9adc318141,1
b97979aa3e,0
b6eb36a5ba,1
278dae6ccb,1
0ffc208548,1
03e0ed76eb,1
e308cdfbaf,1
b835441c8a,1
0cd0acabae,1
11bbeea378,0
870fab1a39,1
2bcd7ef9ee,1
873c3e7c6f,0
b6e21c8ad8,1
8fef878521,0
8931df397e,1
5973606464,0
3829ce3942,1
5944b74138,0
ce77ae2e97,0
36f958389f,1
dc49f9c9c1,0
7719ea57f7,0
efaa04093e,0
7fcf7ea9e9,1
5361f1d5fd,0
bd1027177e,1
916903eba8,1
7800d2b746,1
6ea9ea39c3,0
e60e4000b2,0
ab67363554,0
1ac5b9c51e,0
ece8251776,1
6814339a05,0
950bf48a08,0
264b661a9b,1
21471130f0,1
01f924c096,0
bcf17ea689,1
6aa74bbce1,0
bc7188833c,0
9787f7d175,1
f692ee5d15,0
1d6cee7fc4,0
a3dc242534,0
1d8cb3bbbc,1
ee8dbde0c7,1
445f5eeb79,0
3ccfd93259,1
ee4b1359b0,1
8b7afa6a0d,0
59571d6ac9,1
c950c80fda,1
6831512d3f,0
fd05858542,1
2ff8004afd,0
dc693bbc88,0
47db0b6720,1
80de074da0,0
f276b70020,1
16b5d7a570,1
d7cd792286,0
1828efdd3f,1
d9b7f42681,0
b4160cb11d,1
48d1804df3,1
28e0b63e01,1
48af05ad25,0
69210b9377,1
7e29090e1e,1
022591943a,1
824e49fb89,1
9f0bf5204f,1
9a973b5b95,0
b9b670e8e0,1
ad3ce2d4ab,0
22af1b8bb9,0
a4f5a9886a,1
82e23eecd6,0
4f26a74cb1,1
0e6447544d,1
e2061edf18,1
58c083db9b,0
e3cae3dde0,1
ff6f760a5b,1
5aec1d56ef,0
11db48ce40,0
30673a6e0b,0
1099c0ff22,0
801f622158,0
1000f5372d,0
06ce50042f,0
711f7104fc,1
5858907886,1
a5d5562c50,1
2173dab12d,1
b9c9b096b4,1
9ccf787919,0
6d012d5fd7,0
a5dba53a8b,1
bd31775996,1
1aa0ec9862,0
ca29585619,1
ce98275255,1
8fd862fec9,1
b103fbe2e0,1
1a1abadd5b,0
a0d3c2648a,1
64f865d837,1
4da8f6df69,0
fff3d2908d,1
c9b3ebcb6b,0
f061ef9d4f,1
c1a04e30f6,1
aa3ef5c46c,1
61395fa7ab,1
93bc097f0b,0
20dd3e3301,1
c5ad37abeb,0
7e6a4ee5bd,0
ef5e224610,0
f46eab6d6e,1
1079d70912,1
25b5516e53,1
2024be0949,1
49bb3dc488,0
4bd9727a18,0
39a4039c8c,0
994c01378f,0
370caff84f,1
8177003744,0
8331fe44e1,0
dbbf19d595,0
4d066f87a6,1
7385117730,0
09f0369f7e,0
339b5d9845,1
90f40511fe,0
3e84a25720,1
e9e0346c11,1
996d034df6,1
eac2e8b17a,0
68aa8725e0,0
bc6b8189bd,1
27d67c5f00,1
c41b9fb723,1
134e2489de,1
1faca18650,0
fda0f669ca,1
1cbe419400,0
ea676f381b,1
66c58a82bf,1
88cbceec6c,0
e30cdda570,0
bf2e57446e,0
27cf033c52,1
2046517281,0
105935a01c,0
ed6265b4c8,1
3d6dc0a381,0
53c072b296,1
1d95deecf8,0
1e92b12453,0
0ff9694667,1
258d539a6c,0
7283c0753e,0
2d0cd42180,0
f33c1cc737,1
f4455820dd,1
36a135e977,1
3f932fd1c2,0
81ca6826c7,1
104a3b1e1c,0
a1b1a93b1a,1
c2dd424ea0,0
9cfe49a53c,1
f3a5e28439,0
cc20d10190,1
09f2da9409,0
44470c3edf,0
105c577413,1
2d861d7b63,0
617c6b2c96,0
259cdf44b3,0
a041cfcf59,1
ef8568bfa2,1
c9cd788a38,1
b2e7f6dbd6,1
6e1a0ec11a,0
17285c4c40,1
fc1c0c6c3a,1
a4b122bce2,1
72f6a67f0b,1
ce0ce68f0e,1
14640b4421,1
fcdc5ac998,1
473e41e53c,1
a276a64787,0
c2d3992fd1,1
a432c41990,0
9bef1d2d82,1
50a98666d2,0
28167193ca,0
70ea3bd7ff,1
d09ac46a1c,0
c1098288e8,1
209697a073,1
2d6088e40b,1
9289a5aa79,1
48813d8818,1
704617fa02,0
b72b8310c5,1
db4fbc6439,1
f886a4687e,0
81dacc2ee9,0
97802ae44c,1
6e1d07b5ff,1
55b6b26b9f,0
86adff0446,1
97a1b6cccd,0
5ca9dded38,0
1db18a229b,0
d26311fd0c,1
fa66c35c18,0
620073ea90,1
1d6408a679,0
283ce5bb1e,0
cba75e9610,0
5fca909b90,1
d90ba8f3fe,1
65cc7bca69,0
4ba1678fd2,1
9ee81dc915,0
4252664a50,0
a6cfb54696,1
e3d738f3dd,0
9dc163f689,0
2d97e92717,1
1a766b1f9b,1
afa87bffd3,0
7e1fff9cf9,0
9d0529d426,0
aca5561257,1
4965ca7637,0
6fb79f1677,0
511b02c108,1
c9ccd609f1,0
147ac15867,1
3e7b31b09e,1
18f2f5ccdf,0
451a96283a,1
f66ef1a9df,1
d5513ee591,0
18c0edc80f,0
87f6a63c13,0
49433d3957,0
658033f10f,1
ba0ceb43ea,1
b5c7c9b8b1,1
636ce38b57,0
2eeecee350,0
ca8cb6052e,1
6cabb56cca,0
b337f4fe77,1
b262aa50b5,1
6bc5f2b571,1
1acaa48679,0
b502f51c1c,0
031d229286,0
864aa61fec,1
53a6eade37,1
8fb33c7f93,1
4abca56988,1
45e60face2,0
537764833c,0
597bbefbfd,1
800462fa69,1
330ddbb261,0
74d763a6f6,0
4a3db41276,0
40cc800145,0
5773d4da5c,1
e5202f38db,0
ee6298e3f8,0
12fc1bda78,1
b202c1e0cc,0
c762bb1638,0
4768dd7e2e,1
b14255d77f,1
430ac51b8a,1
a7eb9674f7,0
97a8842b3f,0
5ef8ab9119,1
1673212729,1
3f0dfb0974,1
19bbfc7cc2,0
1e251bfd20,1
f342b2768f,1
4773694646,1
2e15c06a3d,0
eed52f296e,0
49592f2172,0
fdec355e50,0
b47acbe6ca,0
e0912c872d,0
be64d88400,0
7c78252e65,1
1dc4d490d7,0
80e9aab0b8,0
43c138df26,1
378adc74ca,0
e5c1c7bd9a,1
6a3ff36ce0,1
72425d3b5f,1
3003f6c395,0
56948ce0a5,0
91c86b41e7,0
6c167c454e,0
a86ae37c7b,0
83f45e49cf,0
f836064e0e,0
258ff40ac7,0
9dd364022c,1
b74f836224,1
3501761c72,0
1a23ef1f54,1
ca8906182c,0
89225005d5,0
abc5a58105,1
59684cb14e,1
4550d001e7,0
25c97a8b0b,1
3fc9ed8d8e,1
8e2a371778,1
a00117dd6b,0
b97a86d95f,0
cc4aaff284,0
4f42491835,0
b3058d701e,0
296f01bcc5,0
21ee2d8019,1
a2c700966f,0
b50505faa0,0
9212652d26,1
8d47b77ad8,0
4917a79f64,1
28cf66eb06,0
ff87f1dd6e,0
0200f0f584,0
3a30701517,1
1a1645a6d3,1
1724c9f04d,0
82b45d5fa7,0
e1902bfc01,0
cea548d2e1,1
76be9f1a58,1
9637eb00aa,0
6940d6db17,0
7753fc290f,0
fbbe2e1424,1
be687095b8,0
cfb92d0096,0
17be678a76,0
1d8e36044e,1
e486dd2c17,1
3d6e23bfca,1
cfc0f0097d,1
8bfb6d2b62,0
72dc1ac471,0
e35b36af38,0
391ea21ddc,1
818f98a3f5,0
0d8d50adf9,0
8e1e91dde7,1
b639ba415b,1
7e73b9e82e,0
5f401c6041,1
42e5768dfd,1
a3c798027d,0
78e54bc228,0
37e5e06a1c,1
c3edb91add,0
8647053cda,0
b629e497da,0
17ad951869,0
c214620e0b,1
78e75dcf3f,0
ca13b65707,1
ca699cb303,0
40c112783d,1
4f36e95628,1
0d4ec83a0e,1
7a17215941,1
b642684d49,1
531a6c7ba8,1
e6ade789eb,0
f2f3cde30a,0
01864553bb,1
0786db8829,0
61185b7147,0
f34ebbfbf4,1
a24ec796cb,1
0c0c19841a,1
0a1f0af6fc,0
4ad64f3fc4,0
d038ded600,1
c60a6e4979,0
b77e42feed,0
9d78d99d20,0
c6adefd63c,1
8d491ad556,1
44cba13265,1
750145c934,1
4db4deb643,0
3056e542a2,0
87402294ec,1
5e4d61b4be,0
fd649d5b1e,0
ae94e5df2b,0
7bd0146d59,0
fcb28b6bb2,1
78c82d53a8,1
6a55503cdc,0
7fce19a240,1
e1bdeb987a,0
7ae7fbddf9,0
770c03b243,1
1fd70223b4,1
d04ea84ebe,0
1ce39a48dd,0
295b218e44,1
8b1c4111f0,1
f3879e8f4a,0
dafa85577e,1
161d5a1be1,0
7c13fa2b69,0
270eaaa24f,0
9fc38c39a3,0
5200de2b3a,1
127aa9572e,0
cb28863ed1,0
a650978047,1
aec247bc3f,0
e1dc7e94f9,0
252b0ac085,0
fefd5ad111,1
c73b9eeb42,1
94a8b3eade,1
e82781fdc4,0
2046a173f8,0
96b0f9db69,0
ac8716cf16,1
466e6b0a87,0
828fde372d,0
022a5843c6,0
914a6841cf,1
5765524bb7,0
66d8708254,1
0f912eb1bd,1
b1208806e8,0
e3860ef22b,1
4a553f8166,1
d5cf2255ac,0
6cede5ee2b,0
67e114e42f,0
58cb89a47d,1
3b2442c1c0,0
749a6b5b71,0
b267836053,1
e2ad1f20b7,0
14457856cc,1
9bdc4e3251,0
8e81269955,0
7744595771,0
011816b69e,1
5a5b44b6ab,1
51f195b578,0
ee57b02283,1
eaaa1ceb37,0
ffa2003a0b,1
2cbd4345e7,0
4f5d2a8cfe,0
d679a7ccbe,0
67970df17e,0
a6871452b8,1
4aa1a4608c,0
a22e1c219d,1
a8eea3794d,1
f90875397d,1
0b2ce957c7,1
4b35c57429,1
b0d602ae88,1
15c4c05bf6,0
5285e26b68,1
cc989b55fe,0
2ca01c0575,1
22236f433a,1
ac60339e61,1
9c6bf14ace,1
93e1cf24f1,0
b6dc0d5e42,0
3c2df5df3a,0
9220ce93d9,1
0b8c6294b8,0
8774c74713,1
6646bdf432,0
167d91a7d4,0
e75abc14b9,0
bbb7e266e7,1
5f2295c51c,0
eb93aab97c,0
191fc9fde9,0
1c78d3e273,0
da4adedef9,0
0891a10e0e,0
ad8c036ed6,0
da52491a76,0
98096bc34a,0
7906181ffe,1
266a0b3ee0,1
08acb8aadd,1
ee8d6ef05e,1
47287d68e4,1
9e8eeacbb3,1
31e1b32e57,0
b9a287edab,1
c658e712c0,1
3ea5b05388,0
9ef7fe8a4a,0
8bceacec17,0
532a0c15a8,1
ab8bdd5cb3,0
6dbb10f832,0
a608f914e2,0
90a38d1d76,1
c426a0f5eb,0
40a74dc7c1,1
3d3ffd0173,1
ee8d2ba656,1
d5170f0bd2,1
13ce937a24,1
d13eab6666,0
79dd10fb9b,0
c47f423a7d,1
d5881cbd16,0
ecf416d04b,0
89bd40dde2,1
283d3eca0a,0
eef391e613,0
a60d3e6f75,1
99c00f4859,1
2642f1d87e,0
98890e3dc5,1
718cc57ccb,1
d58fdd9a65,1
a0d004b06e,0
f871192b08,1
a3c1c8b568,0
7215ba5c12,0
7e52661c1a,1
1e42bce9bc,0
4e16820e91,1
30c52a7031,0
0ac8ee5efc,0
a63d891503,0
30eea1a2ad,0
697abac85c,1
4a2202d6ba,0
6f53e892b7,1
9acf2c14ad,0
77ee7666e6,1
ac16421266,0
5ec7af7b8c,1
ba66148d3c,0
a65f08e3e1,1
ab9cf81400,1
0ed1f3d88e,0
1490911ae7,0
3eb126c8e4,1
3b58cdad19,1
be57ed321b,0
482cd4f95d,1
b69d72a878,0
49bc9f676c,1
b02a9fb1b0,0
1c2b38d544,1
164150e33e,1
c2d0bd329d,1
946de44482,0
17aa765951,1
2e8780d2b3,0
0e007e69d5,1
3b224cfd3a,1
d2266e2e16,0
0c0c3b9a23,1
bb096b0c27,1
338e432705,1
fa03b606e8,0
e7af545fe7,1
0eeb7b30ff,0
662e6c85fc,1
8f855a0098,0
3eb52e3e4e,1
1d67c66366,1
1a2b936e37,1
4bba299173,1
f2735c0453,1
dbb913b5c7,0
16910e548d,1
929814679d,0
611a6801c0,0
5113f3313e,1
48b1465b2d,1
c51ad1a7c7,1
8f60a4a9d6,0
6f72b82590,0
e73672a353,0
3941a1a8a0,1
a199f00329,1
4e8cdea0d6,0
9c2f7a3916,1
5c2d93e17d,0
36b774d4cc,0
b7ff435e65,1
6c79dfef77,0
c0db7269be,0
213419912f,0
a74591d2c4,0
22986c1eaa,1
53a5f1a51f,0
666bbb7fbb,0
0ade58dde7,0
8dbd88b332,1
f0250f914b,1
f9a2e8fba6,0
57c207993a,0
1ad7286b19,1
463b9492f6,0
de97de87d2,0
5a57696716,1
e9bbd59300,0
8ce403cde8,1
3e8db0ae7f,0
7a56a7f060,1
2600a15f5c,0
67721246d8,0
d713e6cc33,0
1099a5a4a1,0
55888e711a,1
bb305a0a39,0
7e9e4e22ba,0
211fd7a6d2,0
36a382475b,1
454d320e2d,1
5e76767559,0
b65772d471,0
e0d2c99de1,0
340471c031,1
73a5df3dcb,0
8030f47cb8,0
12b600126e,0
df399cb072,0
1cce1feb2b,0
2dbf0b08ed,1
63fdf10afd,0
82f6bdb54b,0
bb9d3d0c29,1
d5e51a9e54,0
d52ba5e7b3,0
69675b32f7,0
54aafcd3aa,0
b6acd909cb,1
ed9c16fa6b,1
e072effb34,1
b6c0f73900,0
b3bdfee1e5,0
b296554ecd,1
8f836bf796,0
e124784560,1
838037fb18,1
2fa5df55c6,1
819081fc2b,1
a00206e4c7,1
ccd3be3f48,0
ded2606bcd,0
334fdb03bc,0
6aae863bc7,0
dbfa10f957,0
97f288c9b8,1
9591d9db4c,1
3af6638f63,1
37c4ee5b8c,0
2f0097ad67,0
4cb9adf1c5,1
17219c18bc,0
f2706ce867,0
23d36c3c35,1
b806b7181d,0
0efcc048ac,0
c3ed1235e0,0
aec39b3937,0
2942f8bfe1,0
c567817f27,1
99c8dc849e,1
0bcb9712a9,0
dc6974a16e,1
d665f9eaf0,1
3444b5d871,1
9384721293,0
bf01ebefe3,1
cfff225702,0
2718f74a6a,1
13f5146e26,1
2564247a9e,1
b01492c042,1
78d9a6206a,1
32d8463667,1
20b971d9b3,1
9a24dfa5bc,0
1227ded216,0
87555f2644,1
70e374536e,0
0629cb5551,0
ee5e2026e7,1
e922601bc4,0
d8cd590f3b,1
3a94789d9b,0
7b2c496eff,0
13b069c7e8,1
9b95537a71,1
8597e667b0,0
8fccc29de7,1
042c42a5d8,1
f4c0afa391,0
dd3f60543a,0
bba051327d,1
658b080f79,1
60f2460de7,1
664c48f73f,1
058d43862d,1
0fb0efa27a,1
00b23a65d2,0
417d4fd7a1,0
0ec3742666,1
aa3bd8b460,0
d44b7cb825,1
0c4be0ea28,0
2c6d9def11,1
18d2c8cefd,0
7d834a6186,0
085f36c741,0
723912a80a,0
ff5d4f638e,0
921ba5b4b1,0
2763f294de,0
d8dc26fbc0,0
5862dcfde2,1
b04a4fefbb,1
355a9f2c25,0
29f91bcfa1,0
76595cd2ad,0
9abae19269,1
18f452b638,1
f557627134,0
9427dce022,0
d21f7975d3,0
4e517f461b,0
1d7f12409b,1
47a5d789ae,0
586249a574,0
bbcef70336,1
413642db61,1
9d0ffe86ff,1
d391c244b4,1
4072816558,0
850932c88e,1
bf6562a8d2,1
aa8d6af159,1
99e83767e0,1
e39ffbdb9e,0
258f7875ba,1
ffaac6986a,1
c08bc8d30e,0
ec0d1a4d75,1
7ff309855f,1
92fede0c0e,1
7745181205,1
4186154c64,0
c6e6814d09,0
cc75c434bb,1
2a7644a6e4,1
35a05d4345,0
020efbacf3,1
eb5e33f500,0
bb0d84b212,1
acf9a3dc0a,0
e90b520959,0
db35e15bf6,1
444e417f2e,1
ab4cae5f43,1
f646dc4231,0
910dbc6b68,1
2b5b434d72,1
08f86dc893,1
d6e854e017,0
dba2e764ce,1
3975b48063,0
9b15a9c24c,1
090ff453a3,1
294c82ac0a,0
97f5d515c3,0
f97d6d0316,1
94444b1d47,0
98a4c94768,0
02bce8cb20,0
d9fa92695d,1
942ebe55c7,0
0715e41f73,1
a0dc2294b0,0
3dff65ea61,0
8b8aa2bc92,1
cfd0bc6e7d,0
58e55b3af5,0
11d2b6ba6c,0
74edbd0a6e,1
4e26c1c52d,1
32e81048d5,0
7029f5afca,1
88a4f855dc,0
fd71d34548,0
0c24007ef3,1
d1fdb6ec5b,0
f5dfb67de6,1
24cd29b717,0
bd6a325f1c,1
7ab6f249ec,1
ff358c3815,0
8f2f02369d,1
12deeeeb1b,1
5926853aab,1
87c6e11546,0
84266bde57,0
24f4f66658,1
14ecd7a911,1
66414a3edf,1
1470ca18f2,0
ef8d3cfcfe,0
1ef2271373,1
19814d0e48,0
67dd775db2,0
1e40f2c915,0
32b903477e,0
76e2a2816f,0
e4f291d82c,1
b833ddb125,1
b504cbadf9,1
e70b9c9583,0
b7505307a0,1
e8b65e5a30,0
b393b2e5c8,1
a7d986d8d9,1
fa0bb21a5c,1
f949f1aaf3,1
52ee4f7c29,0
ed151fdb76,1
83afafcdc8,1
6459a98730,0
f8b3236ef6,0
da15de6398,0
0dc438673d,0
98251aa063,1
075d0141b5,1
9cfec33f7a,1
6650769fbd,1
fbcd8d0988,1
336d43a7d5,0
0077e1427a,0
f98775ce63,1
ff1031adc4,1
2394098f7d,0
89ca28ec1d,0
55fa0f90a1,0
51ac29e9ab,1
60ffa5c873,1
e144276e13,0
485f65df22,1
c77103c622,0
31ab5514b1,1
cc67792241,0
6e580ef1a4,1
cc9233ec96,1
1c316f4bd9,0
8f28420484,1
5e414ea1b9,0
c54e9ce371,1
e9c6835260,1
27432cf019,0
c3a8f17961,0
52c8b33848,0
9248cecc24,0
a622d67d2e,0
c637d7263b,0
fcb162d857,0
6ed0fba4b9,0
6e2c20f3ba,0
69c48d605d,0
008244cb18,0
f7edbbb472,1
c1030854ba,1
53981e1d91,1
3c522dee33,0
5a1494c9eb,0
7d16fe1289,0
4e9c9a3f18,0
2cb0209438,1
cbcee315a7,1
65add19786,1
3221d03e64,1
27819a3df3,1
e64a6ea4cb,1
ec5170c6a2,1
08ac608f0e,0
ddaa60bf2f,1
b09e32e2bb,0
8d9ea1e0bc,0
4a1f6105f6,0
d8ebe045ca,1
d13a3ca1a9,0
8b4f7436c3,1
5738c49d3b,1
948fe8c42d,1
1ba2089624,1
df147163a4,0
5910086716,0
7b5924082d,1
fcf26ae28c,1
ea7d4d0251,1
26a6001880,1
7da8f9f750,1
0b799e623f,0
19526ec541,1
a2be5c72e3,1
6ef6d80817,1
9c41b3d12f,0
3c0a28c223,1
af4b7670d0,0
57074739ff,0
aa6acdaabe,0
ebaa34fc35,1
ff4c1157cd,1
ba9ecffe0c,0
23e135506c,1
60f9a54956,1
aa23221db8,1
d74a740979,0
e7d80d8dc5,1
847f6260b3,1
255c919f1b,0
3967541b53,0
3ecdb1b2f0,0
019aa17684,1
4bc4eaf921,1
077228c3ec,0
c2f5ded59f,1
3450910367,0
d71236ba19,1
6cca889212,0
9bca763203,1
dcf22a06cd,1
2ca89471c1,1
b8a1c8b1d1,1
41b2b74a3b,0
7acfb4d14c,1
a0c1744164,0
392a16ff29,1
6caaab8ea8,0
82db47c321,0
3b66bb9c1c,0
489cca78eb,0
af4d882e7b,0
095a9c8a54,1
7a4cf13433,0
8591b654b5,0
3b50528a3e,0
6c2562c224,1
f2955da19a,1
8081a1083e,0
fe9848f6dc,1
69b0f63491,0
199c3f225c,0
3452aa769c,1
fb62968095,1
2a1d77ce40,0
e1eff16b9a,0
ae4666e4c8,0
b34d9f9c8e,1
b845b880e7,0
351ae48c59,0
593cc39251,0
c6baad9bb6,1
fb72b8d169,0
45c1808f32,1
ae0ddd5f68,0
9906db0f84,0
3000148920,0
b8f0a0861e,0
9fed31571a,0
deb58597f3,1
0672c8e5c4,0
dfdcbd97c3,1
c1fa3101ff,1
003dda11d5,1
4cc3ba5d90,1
2f2a6bad0c,0
f4b3bc08b0,1
d402e139b2,1
c25cf924af,1
7ab7a29237,0
7a57f70903,1
98b5ff43f2,0
5f3ebb147e,1
e29126ebd6,1
b66a08d772,1
5a8da1e791,1
555cb3fe7f,0
efedd6ce7b,0
d2047ea7bc,0
d75858e08a,0
290d03802f,0
7813d81945,0
e466219d95,0
8bfaf8c25f,1
9d782ef1b1,0
cc2c9670b7,1
6822650e52,0
0c2d12d189,1
5a7f8b9929,0
ac258cb738,0
0f479bac29,1
1c139a9d47,1
fbd79819f2,1
b6ea75f41a,0
0309fcfd81,1
13020cfae4,1
59c9101558,1
575d9c6060,0
ac10e2392c,1
f657877d1b,1
a8ac8f7ab6,0
6343f827e0,1
5cf40a084a,0
06ab5c4f99,1
14973c397d,1
a75a90cffa,0
8b60e479f1,0
0dd6433de9,1
83f0de5e74,1
1d5df49fa4,0
cfb9477c51,0
a9f550c699,0
e9e7aae5b9,1
20685ed535,0
d9f0578bb6,1
983c170f3b,1
8af9ccc9f0,0
b46cea380b,0
e412b9a4a8,1
8d904e6575,1
4a32e70c5d,0
19be605a7f,1
86da3222ff,0
ef62cf226f,0
eb46aa11d0,0
b9e434b9dd,0
15445801a6,0
26cddb4eeb,1
00389ed72a,0
10ffff1d97,0
f86107fe5f,1
dada487470,1
4825f742b7,0
4a046de729,0
66b0b12dc6,0
bb40720e11,1
f631f0fb13,0
26e73a54d2,0
9f5da0b12b,1
67a09591c0,0
925cae85b9,1
b9ac63b949,0
50cdd965c1,0
8662ab8037,1
a18b71cb14,0
a7b3c814f8,0
370dc47354,0
e7f3d2e383,0
4de4ac0979,0
c10d252ef8,1
3ea43af10a,1
d50ae4ef89,0
6dba9b5cca,1
00a98c6a36,0
c96aab2fb2,0
20a2fd309e,0
06f75525dd,0
02d5b4e4b7,1
eb04a63f7d,0
662fdddec7,0
54ff3ce32d,1
dfe6f05f0b,1
15902edc14,0
f4ec2d3596,1
078b9347bd,1
c4ea28654d,0
7fc5b943a0,0
8b61e4c082,1
3030280124,1
0d0e209cd0,1
661ce4238d,0
3df2c20537,1
8c8b271456,0
dffca022eb,0
c6776cb576,0
bf7674656c,0
e1d5b66ec0,1
14084962ab,1
865a42403f,0
c0769eeb1f,0
61ad5c443c,0
c0690a8929,0
4bc1fe5895,1
77e525b26d,0
f54b5f0397,1
b893ef6e57,0
a0b121ba94,0
782b620b69,0
99b2255b25,0
f2c7e0f661,1
e5d098d5ce,1
7af70fa076,0
063a93912a,0
99abc1dc7c,1
c98477bf76,1
32779a10a3,0
bb7226243b,1
1fc19c9a68,0
b4b45fba92,1
d2dd210a04,0
116b5b0901,0
b13af5afa0,1
9bb202f3f2,1
c178ab919a,0
5d766283a3,1
42bc25dacc,1
a660bd8617,0
08c133bdbd,0
4c197ba6f7,0
acfa0dc69e,1
4d3951820e,0
63ec514a18,0
6707c5e1f4,1
83b6185284,1
110b9d3c1a,1
db01603e1a,0
0040c171ac,0
1a822c8477,0
77b5ead619,1
969f41dd39,0
d5ea428742,0
cf539acb5f,0
ba77a58e76,0
c6397a19d4,0
e51cdd1f64,0
c561925bb9,1
9ba9e3b29a,0
4b3eb6e8b5,0
06a5c38654,1
2f79036f08,1
95d7b4aff4,1
d92329fc07,0
afeea88db9,0
b6c59ebe8b,0
1cc364ffb6,0
0c74872f80,1
9d8e624e70,0
9c4d7822b9,1
a424db8bff,1
bb6132c459,1
8588cd5c69,1
07316d8614,1
3e324ad1a0,1
3c4af4dfe8,0
f51f11c718,1
a9d40d27d0,1
4bd92c1e68,0
b9c1085ff3,0
b4c06a894b,1
e1e0c1b5db,1
3ecc104e95,0
3c8aa7ea60,0
ce86cbb9e2,1
28e59d0746,0
84f014d73e,0
70e083faa4,0
85bd394475,1
ae7ad1ffcd,1
ad1a7f9d3b,1
fea5c95d0d,0
fc2f19c8e9,0
82955268b9,0
9aff9f9c17,1
3e637564a5,0
3d53a42f2f,1
32f498bc26,1
27f937d2d4,0
da8907d1a8,1
3f02af619a,0
ff02c2338b,0
108f805e09,0
b3eb93f1f2,1
407358db23,1
67b69ebbcb,0
2fa7101624,1
1da6cec88e,1
1d1b565b6f,0
f83c932bf1,0
0e9f49aff3,0
17c48a9b48,1
cb99ba5168,0
164ba532ef,0
caabf000b8,0
6a0ab8db79,1
2927dd507a,1
24510d6761,1
fe8415f433,1
da57a755cb,0
c2d4300188,0
18b5beff4a,0
edde87bc2f,1
f34d076a3e,0
12f7711f76,1
a57d709e76,0
ceb2a604f3,1
5e96daa138,0
eef3280d6c,1
988b40f412,0
28542d06ce,0
8757b0918b,0
51d1a56acf,0
26afd24038,1
2aa98b5c0e,1
a68260e126,1
c74e3ad4cb,1
d1bc953bfd,1
ea45f76bc1,0
b74479d425,0
4d05bdbb9d,0
fc9db5412a,0
ff897caa5f,1
8ee5836aea,1
793b5c8781,1
f9a9edd50a,1
5563c497b5,1
9ce1bc4358,0
0b98ecaaa8,1
b93eaf0f79,0
0bb31829aa,1
57c90468d7,0
6713f69839,0
3366e299f2,1
0142002cca,0
168a225020,0
41629b828a,1
c76b454a8b,0
e29e58a2ea,1
37a21ec9a0,1
7da9ff0e2d,1
a7fc1f7812,0
5c50246353,0
d5cbb7822c,1
3d3ca12cf2,0
ec25da84ef,0
4c18bb1360,1
0d2260e8c2,1
5308860c71,0
8a3d071ee2,1
f4cab600d9,1
07c92ddd1d,0
cbf20dc1b5,1
0b38e1824d,1
068764e2a6,0
f0353e7387,0
71feaee5cc,1
9fe59d73f2,0
2f789638c9,0
2e5031f6df,0
cb8c8ec7a8,0
31d1cd80e6,0
00ce8312ad,1
cfa2fa7c0e,1
63f0c395c5,0
95acbb980e,1
76b97d0242,0
f73021cf4d,1
d2e541bf93,0
fc340131fb,1
f3208124f7,0
c993a60e1f,0
b874146e92,0
1c943ef05a,0
68db51cfad,0
de7a1f6994,0
17e279749c,1
818ff19897,1
c499d8c821,0
ad2f80af01,0
671bf544e2,1
18d5f8e6dd,0
4d8ba5e388,0
662e3d313d,1
e2db9b5a5d,1
3c9a160d9f,0
c8884b0241,0
d919df9bef,0
a01f8f055d,1
e557e926ea,0
cbf7b00cfc,0
6a517aae4f,1
8aa5a55c70,1
5473052c95,1
888dec20ef,0
068612d773,1
83ada8311b,0
870577f783,0
ce2540e6b0,0
531b6f28ae,0
c6cc982fec,1
e13dd4fc32,0
479319ba64,0
76034aecbb,1
1aaa4a153e,1
4ff93e262f,0
dc0230624e,0
3ab1fbf2a5,1
56125e6d79,0
aa1133e095,0
1156d8dac8,1
60e1a63f04,1
2600428016,0
7bb78709d7,1
2cbe7f8aeb,1
6022d1510c,1
db040cc4ec,0
6f2577386d,0
738f0039c8,1
a2a0fe58d7,1
63f00a7b46,1
33d95a0c61,0
af2db5b2a2,1
2bd53df861,1
f5bb8529b6,0
486698080c,0
b053837063,0
663dba9706,1
424c5a03ca,0
33383ab5fd,1
379c34b330,0
384575af80,1
add99928ea,1
eec53a730b,0
b25ebbfee6,1
cf1e565d29,0
bfc80814c9,1
183537505c,0
f3dcb16734,0
1e4b59baec,0
d22f3ce825,1
3aac04d7a3,0
14e8862621,1
01a256353c,0
f02ba4430f,1
c10b937c47,0
d6456618bb,1
5c102fe8d2,0
1ada202e29,0
cee314da59,1
5fd75db0d9,1
7360cd435e,0
c58d8e3269,0
73510da039,0
9bc7c28a3d,1
57720664b0,0
f197e5c4fa,0
f530e868b1,1
9081f09dce,0
ed5428e123,1
87d7d0cc36,0
6cc2423d55,0
a14bf81914,0
62b7e14ff3,0
7076ccafaa,0
7b66582d52,1
1c890986a4,1
8575977a07,0
fa7402d525,0
f8a755c328,0
5ecca414da,0
fb505302b9,1
d3c7d3a463,1
d492ef3a3c,0
9ed0b6301a,0
ae4ac75b83,1
e2de2c7157,1
a0e89de1a0,0
196e65b7df,1
936846fd2b,1
617fba0f7a,1
3c5035a742,0
56f0d5de7d,0
19c3765c1b,0
b12f8eee35,0
55b3d9bc08,0
c109f551c6,1
e12177b635,0
3a77fea0df,0
9da394ffdf,0
1263cfbf34,0
7cbe034624,1
a6f1388f87,1
8860ee939e,0
6188065045,0
de1f6b17ad,1
f82e628bc6,1
d8218372b8,0
2d8db633f7,1
62423e27fc,0
bd4f1ee557,1
f2fe84f37a,1
c9a71b8076,1
ce3a4535a5,0
415f214626,1
164c9222ef,0
1f4829fc73,1
572cb82910,1
e3a36e98bb,0
6a16a35958,0
245edb6685,1
5e1aa0aad6,0
87755057b1,0
8816dca336,1
b126f24059,0
3b563edcdd,1
547f793935,0
916a63a14c,0
78b0808f6c,0
8621933b83,1
82b29d6606,0
13daf4b683,1
b1361f86aa,0
17bb895be8,0
f37a1762eb,0
3e30a7669a,1
49a47d24fc,1
cff3cf8e43,0
f090784d14,1
c7e6d175d3,0
007606ee97,1
7c613246b5,0
fc33209484,1
e3b339ec78,1
66b3fbc200,1
27eb804575,0
dfc0d53693,0
2e0ba073b8,0
7b044c2aff,1
dbb74503aa,1
a998848e79,1
da87f3e3ad,1
fd05d8ff3d,1
2134eed7ec,0
fc212895c5,0
6b11f46552,0
93dc175943,0
fbec5be054,1
f29ddf4ca7,1
8eb4e94126,0
b7cb53d9c2,1
a5d31275eb,0
baad85d1e6,1
3722700886,0
d58b32be58,0
24670f318a,0
a23b54d82e,1
423691b605,0
723cb29d1c,0
be154422a8,1
9775b37ffe,1
a1e16dab4a,0
96caa266ed,1
de7036a341,0
fe0499cd41,1
650b48ce70,0
33bc5e8d1a,1
4eb9e061ee,1
5dff9769bd,0
aa2232390c,0
b09666e1db,1
ad0887ace3,1
e4b6d236df,1
e4271c783a,1
5b37d2e720,1
a009de9902,1
c44e4057ad,0
dc55bb0d18,1
094a3eae87,0
2cfeeefd47,0
77aa9c2582,0
c4dea72979,1
12e33cc27e,1
c577aaf5f6,1
e413b6fd86,0
6f0808ef28,0
ab8073f53e,0
8106ff4d5a,1
69f8d80476,1
a4354841b0,1
ccb0bf5d4f,0
a6460a80df,1
4442628de7,0
c20dd2758f,1
84082672ad,1
30cff7808a,0
b9b3a7dc45,0
9b5e6f6f8d,0
9b43c9097a,0
391c81419e,0
da8ac10562,1
61d8293bc7,1
60c9337dbb,1
2a623b86df,1
9e82eb93ac,1
fc0e45a5ef,1
15e4745b87,0
37c5cf2ea6,0
0753eb4ed1,0
b268695ac1,0
e0c22115b0,1
2a1cba5ffe,0
640e222c7a,0
31b0888d75,1
